5000,0.00,-172.5000,453.0000,-2568.0000
1,9.5200,0.00,-168.0000,456.0000,-2568.0000
0,0.00,-171.0000,453.0000,-2566.5000
1,9.5000,0.00,-172.5000,453.0000,-2568.0000
1,9.5200,0.00,-168.0000,456.0000,-2568.0000
Data[0],Time,Force,X_axis,Y_axis,Z_axis
8,0.0000,0.00,49150.5000,49150.5000,49150.5000
1,0.0200,0.00,-168.0000,457.5000,-2571.0000
1,0.0400,0.00,-165.0000,456.0000,-2568.0000
1,0.0600,0.00,-165.0000,454.5000,-2568.0000
1,0.0800,0.00,-166.5000,457.5000,-2571.0000
1,0.1000,1.00,-169.5000,454.5000,-2569.5000
1,0.1200,0.00,-165.0000,453.0000,-2569.5000
1,0.1400,0.00,-168.0000,456.0000,-2568.0000
1,0.1600,0.00,-162.0000,453.0000,-2568.0000
1,0.1800,0.00,-162.0000,456.0000,-2571.0000
1,0.2000,0.00,-163.5000,457.5000,-2569.5000
1,0.2200,0.00,-168.0000,454.5000,-2569.5000
1,0.2400,0.00,-169.5000,456.0000,-2569.5000
1,0.2600,0.00,-169.5000,453.0000,-2568.0000
1,0.2800,0.00,-163.5000,457.5000,-2566.5000
1,0.3000,0.00,-169.5000,450.0000,-2566.5000
1,0.3200,-1.00,-169.5000,450.0000,-2568.0000
1,0.3400,0.00,-166.5000,456.0000,-2569.5000
1,0.3600,0.00,-166.5000,453.0000,-2568.0000
1,0.3800,0.00,-166.5000,456.0000,-2566.5000
1,0.4000,0.00,-162.0000,450.0000,-2568.0000
1,0.4200,0.00,-166.5000,453.0000,-2566.5000
1,0.4400,0.00,-162.0000,456.0000,-2566.5000
1,0.4600,0.00,-166.5000,448.5000,-2569.5000
1,0.4800,0.00,-166.5000,456.0000,-2568.0000
1,0.5000,0.00,-169.5000,450.0000,-2568.0000
1,0.5200,0.00,-168.0000,456.0000,-2569.5000
1,0.5400,0.00,-163.5000,451.5000,-2568.0000
1,0.5600,0.00,-165.0000,453.0000,-2569.5000
1,0.5800,0.00,-168.0000,453.0000,-2569.5000
1,0.6000,0.00,-168.0000,457.5000,-2566.5000
1,0.6200,0.00,-166.5000,451.5000,-2566.5000
1,0.6400,0.00,-174.0000,453.0000,-2568.0000
1,0.6600,0.00,-166.5000,454.5000,-2568.0000
1,0.6800,0.00,-165.0000,454.5000,-2569.5000
1,0.7000,0.00,-162.0000,451.5000,-2568.0000
1,0.7200,0.00,-165.0000,451.5000,-2569.5000
1,0.7400,0.00,-169.5000,450.0000,-2568.0000
1,0.7600,0.00,-165.0000,459.0000,-2568.0000
1,0.7800,0.00,-168.0000,453.0000,-2566.5000
1,0.8000,0.00,-165.0000,451.5000,-2568.0000
1,0.8200,0.00,-166.5000,453.0000,-2568.0000
1,0.8400,0.00,-166.5000,453.0000,-2569.5000
1,0.8600,0.00,-165.0000,454.5000,-2568.0000
1,0.8800,0.00,-166.5000,457.5000,-2568.0000
1,0.9000,0.00,-168.0000,457.5000,-2568.0000
1,0.9200,0.00,-165.0000,456.0000,-2569.5000
1,0.9400,0.00,-168.0000,457.5000,-2568.0000
1,0.9600,0.00,-166.5000,454.5000,-2568.0000
1,0.9800,0.00,-169.5000,451.5000,-2568.0000
1,1.0000,0.00,-168.0000,454.5000,-2568.0000
1,1.0200,0.00,-166.5000,456.0000,-2568.0000
1,1.0400,0.00,-169.5000,451.5000,-2566.5000
1,1.0600,0.00,-168.0000,454.5000,-2569.5000
1,1.0800,0.00,-171.0000,451.5000,-2566.5000
1,1.1000,-1.00,-165.0000,451.5000,-2568.0000
1,1.1200,0.00,-166.5000,457.5000,-2569.5000
1,1.1400,0.00,-169.5000,454.5000,-2566.5000
1,1.1600,0.00,-166.5000,456.0000,-2566.5000
1,1.1800,0.00,-171.0000,454.5000,-2568.0000
1,1.2000,0.00,-168.0000,457.5000,-2568.0000
1,1.2200,0.00,-171.0000,453.0000,-2569.5000
1,1.2400,0.00,-162.0000,453.0000,-2568.0000
1,1.2600,0.00,-169.5000,453.0000,-2568.0000
1,1.2800,0.00,-168.0000,454.5000,-2568.0000
1,1.3000,0.00,-172.5000,459.0000,-2568.0000
1,1.3200,0.00,-165.0000,460.5000,-2569.5000
1,1.3400,0.00,-168.0000,457.5000,-2568.0000
1,1.3600,0.00,-171.0000,453.0000,-2566.5000
1,1.3800,0.00,-168.0000,453.0000,-2568.0000
1,1.4000,-1.00,-168.0000,457.5000,-2568.0000
1,1.4200,0.00,-169.5000,453.0000,-2566.5000
1,1.4400,0.00,-166.5000,454.5000,-2565.0000
1,1.4600,0.00,-168.0000,454.5000,-2568.0000
1,1.4800,0.00,-165.0000,454.5000,-2566.5000
1,1.5000,0.00,-169.5000,454.5000,-2568.0000
1,1.5200,0.00,-169.5000,453.0000,-2568.0000
1,1.5400,0.00,-169.5000,453.0000,-2566.5000
1,1.5600,0.00,-169.5000,456.0000,-2566.5000
1,1.5800,0.00,-175.5000,456.0000,-2569.5000
1,1.6000,0.00,-166.5000,456.0000,-2566.5000
1,1.6200,0.00,-165.0000,454.5000,-2569.5000
1,1.6400,0.00,-171.0000,459.0000,-2566.5000
1,1.6600,0.00,-163.5000,457.5000,-2569.5000
1,1.6800,0.00,-169.5000,457.5000,-2568.0000
1,1.7000,0.00,-171.0000,451.5000,-2568.0000
1,1.7200,0.00,-163.5000,453.0000,-2568.0000
1,1.7400,0.00,-168.0000,457.5000,-2569.5000
1,1.7600,0.00,-168.0000,456.0000,-2571.0000
1,1.7800,-1.00,-169.5000,454.5000,-2568.0000
1,1.8000,0.00,-168.0000,454.5000,-2568.0000
1,1.8200,0.00,-169.5000,457.5000,-2568.0000
1,1.8400,1.00,-169.5000,451.5000,-2565.0000
1,1.8600,0.00,-171.0000,454.5000,-2568.0000
1,1.8800,0.00,-166.5000,456.0000,-2569.5000
1,1.9000,0.00,-165.0000,457.5000,-2568.0000
1,1.9200,0.00,-171.0000,454.5000,-2566.5000
1,1.9400,-1.00,-166.5000,448.5000,-2566.5000
1,1.9600,0.00,-169.5000,451.5000,-2566.5000
1,1.9800,0.00,-165.0000,454.5000,-2566.5000
1,2.0000,0.00,-171.0000,457.5000,-2568.0000
1,2.0200,0.00,-174.0000,451.5000,-2568.0000
1,2.0400,0.00,-165.0000,451.5000,-2568.0000
1,2.0600,0.00,-166.5000,456.0000,-2566.5000
1,2.0800,0.00,-166.5000,451.5000,-2568.0000
1,2.1000,0.00,-166.5000,453.0000,-2568.0000
1,2.1200,0.00,-166.5000,454.5000,-2568.0000
1,2.1400,0.00,-169.5000,453.0000,-2568.0000
1,2.1600,0.00,-165.0000,454.5000,-2571.0000
1,2.1800,-1.00,-169.5000,451.5000,-2568.0000
1,2.2000,0.00,-165.0000,457.5000,-2568.0000
1,2.2200,0.00,-169.5000,457.5000,-2568.0000
1,2.2400,0.00,-166.5000,451.5000,-2571.0000
1,2.2600,0.00,-166.5000,453.0000,-2569.5000
1,2.2800,0.00,-166.5000,451.5000,-2569.5000
1,2.3000,0.00,-168.0000,454.5000,-2569.5000
1,2.3200,0.00,-171.0000,457.5000,-2568.0000
1,2.3400,0.00,-165.0000,457.5000,-2566.5000
1,2.3600,0.00,-168.0000,456.0000,-2568.0000
1,2.3800,0.00,-171.0000,454.5000,-2568.0000
1,2.4000,0.00,-169.5000,456.0000,-2568.0000
1,2.4200,1.00,-166.5000,459.0000,-2568.0000
1,2.4400,0.00,-168.0000,450.0000,-2568.0000
1,2.4600,0.00,-169.5000,454.5000,-2568.0000
1,2.4800,0.00,-171.0000,454.5000,-2568.0000
1,2.5000,-1.00,-168.0000,454.5000,-2568.0000
1,2.5200,0.00,-165.0000,454.5000,-2566.5000
1,2.5400,1.00,-166.5000,457.5000,-2571.0000
1,2.5600,0.00,-166.5000,459.0000,-2566.5000
1,2.5800,0.00,-171.0000,453.0000,-2569.5000
1,2.6000,0.00,-169.5000,456.0000,-2568.0000
1,2.6200,0.00,-166.5000,453.0000,-2568.0000
1,2.6400,0.00,-168.0000,451.5000,-2566.5000
1,2.6600,0.00,-169.5000,456.0000,-2566.5000
1,2.6800,0.00,-174.0000,459.0000,-2568.0000
1,2.7000,0.00,-168.0000,453.0000,-2568.0000
1,2.7200,0.00,-163.5000,454.5000,-2569.5000
1,2.7400,0.00,-165.0000,459.0000,-2568.0000
1,2.7600,0.00,-171.0000,453.0000,-2568.0000
1,2.7800,0.00,-174.0000,457.5000,-2569.5000
1,2.8000,0.00,-168.0000,460.5000,-2568.0000
1,2.8200,0.00,-165.0000,456.0000,-2568.0000
1,2.8400,0.00,-166.5000,456.0000,-2566.5000
1,2.8600,0.00,-171.0000,457.5000,-2569.5000
1,2.8800,0.00,-165.0000,457.5000,-2569.5000
1,2.9000,0.00,-165.0000,453.0000,-2568.0000
1,2.9200,0.00,-169.5000,451.5000,-2568.0000
1,2.9400,0.00,-172.5000,457.5000,-2568.0000
1,2.9600,0.00,-168.0000,457.5000,-2569.5000
1,2.9800,0.00,-169.5000,451.5000,-2569.5000
1,3.0000,1.00,-165.0000,456.0000,-2569.5000
1,3.0200,0.00,-166.5000,454.5000,-2568.0000
1,3.0400,0.00,-168.0000,456.0000,-2569.5000
1,3.0600,0.00,-171.0000,454.5000,-2566.5000
1,3.0800,0.00,-162.0000,453.0000,-2563.5000
1,3.1000,0.00,-154.5000,450.0000,-2562.0000
1,3.1200,0.00,-148.5000,447.0000,-2560.5000
1,3.1400,0.00,-150.0000,451.5000,-2559.0000
1,3.1600,0.00,-147.0000,447.0000,-2557.5000
1,3.1800,0.00,-147.0000,448.5000,-2557.5000
1,3.2000,0.00,-150.0000,447.0000,-2556.0000
1,3.2200,0.00,-138.0000,442.5000,-2557.5000
1,3.2400,0.00,-136.5000,447.0000,-2554.5000
1,3.2600,0.00,-142.5000,450.0000,-2554.5000
1,3.2800,0.00,-144.0000,445.5000,-2554.5000
1,3.3000,0.00,-136.5000,445.5000,-2554.5000
1,3.3200,-1.00,-135.0000,445.5000,-2553.0000
1,3.3400,0.00,-139.5000,441.0000,-2553.0000
1,3.3600,-1.00,-132.0000,447.0000,-2553.0000
1,3.3800,0.00,-132.0000,438.0000,-2551.5000
1,3.4000,0.00,-135.0000,442.5000,-2553.0000
1,3.4200,0.00,-136.5000,442.5000,-2553.0000
1,3.4400,0.00,-133.5000,439.5000,-2553.0000
1,3.4600,0.00,-136.5000,444.0000,-2551.5000
1,3.4800,0.00,-141.0000,444.0000,-2551.5000
1,3.5000,0.00,-138.0000,444.0000,-2553.0000
1,3.5200,0.00,-138.0000,439.5000,-2551.5000
1,3.5400,0.00,-142.5000,441.0000,-2548.5000
1,3.5600,0.00,-145.5000,441.0000,-2551.5000
1,3.5800,-1.00,-141.0000,444.0000,-2550.0000
1,3.6000,0.00,-148.5000,447.0000,-2548.5000
1,3.6200,0.00,-145.5000,447.0000,-2548.5000
1,3.6400,0.00,-150.0000,448.5000,-2548.5000
1,3.6600,0.00,-147.0000,438.0000,-2548.5000
1,3.6800,0.00,-154.5000,442.5000,-2550.0000
1,3.7000,0.00,-156.0000,447.0000,-2550.0000
1,3.7200,0.00,-165.0000,442.5000,-2550.0000
1,3.7400,0.00,-169.5000,433.5000,-2554.5000
1,3.7600,0.00,-174.0000,435.0000,-2554.5000
1,3.7800,0.00,-168.0000,441.0000,-2550.0000
1,3.8000,0.00,-174.0000,432.0000,-2550.0000
1,3.8200,0.00,-174.0000,430.5000,-2550.0000
1,3.8400,0.00,-177.0000,427.5000,-2550.0000
1,3.8600,0.00,-183.0000,426.0000,-2551.5000
1,3.8800,-1.00,-180.0000,415.5000,-2553.0000
1,3.9000,0.00,-183.0000,417.0000,-2554.5000
1,3.9200,0.00,-187.5000,414.0000,-2557.5000
1,3.9400,-1.00,-190.5000,408.0000,-2556.0000
1,3.9600,0.00,-199.5000,402.0000,-2554.5000
1,3.9800,0.00,-199.5000,396.0000,-2554.5000
1,4.0000,0.00,-204.0000,396.0000,-2556.0000
1,4.0200,0.00,-222.0000,394.5000,-2554.5000
1,4.0400,0.00,-222.0000,388.5000,-2554.5000
1,4.0600,0.00,-220.5000,390.0000,-2557.5000
1,4.0800,0.00,-216.0000,390.0000,-2557.5000
1,4.1000,0.00,-222.0000,384.0000,-2562.0000
1,4.1200,-1.00,-219.0000,385.5000,-2560.5000
1,4.1400,0.00,-226.5000,379.5000,-2562.0000
1,4.1600,1.00,-229.5000,373.5000,-2563.5000
1,4.1800,0.00,-238.5000,361.5000,-2563.5000
1,4.2000,0.00,-237.0000,361.5000,-2565.0000
1,4.2200,0.00,-243.0000,364.5000,-2563.5000
1,4.2400,1.00,-247.5000,366.0000,-2559.0000
1,4.2600,0.00,-252.0000,360.0000,-2556.0000
1,4.2800,0.00,-253.5000,367.5000,-2556.0000
1,4.3000,0.00,-258.0000,373.5000,-2554.5000
1,4.3200,0.00,-267.0000,390.0000,-2547.0000
1,4.3400,0.00,-262.5000,397.5000,-2542.5000
1,4.3600,-1.00,-267.0000,409.5000,-2538.0000
1,4.3800,1.00,-267.0000,421.5000,-2533.5000
1,4.4000,0.00,-258.0000,429.0000,-2529.0000
1,4.4200,0.00,-252.0000,436.5000,-2524.5000
1,4.4400,0.00,-255.0000,448.5000,-2518.5000
1,4.4600,0.00,-243.0000,451.5000,-2518.5000
1,4.4800,0.00,-237.0000,444.0000,-2518.5000
1,4.5000,0.00,-231.0000,442.5000,-2512.5000
1,4.5200,1.00,-237.0000,438.0000,-2509.5000
1,4.5400,0.00,-244.5000,421.5000,-2503.5000
1,4.5600,0.00,-256.5000,414.0000,-2500.5000
1,4.5800,0.00,-259.5000,411.0000,-2494.5000
1,4.6000,0.00,-288.0000,405.0000,-2476.5000
1,4.6200,0.00,-292.5000,402.0000,-2485.5000
1,4.6400,0.00,-289.5000,400.5000,-2490.0000
1,4.6600,0.00,-282.0000,402.0000,-2503.5000
1,4.6800,0.00,-223.5000,424.5000,-2532.0000
1,4.7000,0.00,-217.5000,423.0000,-2538.0000
1,4.7200,0.00,-213.0000,430.5000,-2539.5000
1,4.7400,1.00,-207.0000,433.5000,-2542.5000
1,4.7600,0.00,-205.5000,433.5000,-2544.0000
1,4.7800,0.00,-201.0000,433.5000,-2545.5000
1,4.8000,0.00,-201.0000,433.5000,-2547.0000
1,4.8200,0.00,-193.5000,433.5000,-2547.0000
1,4.8400,0.00,-193.5000,433.5000,-2548.5000
1,4.8600,0.00,-192.0000,439.5000,-2548.5000
1,4.8800,0.00,-198.0000,435.0000,-2548.5000
1,4.9000,0.00,-193.5000,436.5000,-2553.0000
1,4.9200,0.00,-189.0000,438.0000,-2553.0000
1,4.9400,0.00,-192.0000,438.0000,-2553.0000
1,4.9600,-1.00,-186.0000,439.5000,-2554.5000
1,4.9800,0.00,-187.5000,442.5000,-2551.5000
1,5.0000,0.00,-187.5000,439.5000,-2554.5000
1,5.0200,0.00,-190.5000,439.5000,-2553.0000
1,5.0400,0.00,-189.0000,438.0000,-2553.0000
1,5.0600,0.00,-186.0000,436.5000,-2553.0000
1,5.0800,0.00,-184.5000,439.5000,-2554.5000
1,5.1000,1.00,-184.5000,438.0000,-2554.5000
1,5.1200,0.00,-184.5000,438.0000,-2554.5000
1,5.1400,0.00,-189.0000,441.0000,-2553.0000
1,5.1600,0.00,-189.0000,445.5000,-2577.0000
1,5.1800,0.00,-201.0000,459.0000,-2626.5000
1,5.2000,0.00,-219.0000,460.5000,-2637.0000
1,5.2200,0.00,-234.0000,471.0000,-2650.5000
1,5.2400,0.00,-250.5000,475.5000,-2674.5000
1,5.2600,-1.00,-268.5000,496.5000,-2712.0000
1,5.2800,0.00,-270.0000,507.0000,-2736.0000
1,5.3000,0.00,-267.0000,522.0000,-2760.0000
1,5.3200,0.00,-277.5000,535.5000,-2775.0000
1,5.3400,0.00,-265.5000,562.5000,-2836.5000
1,5.3600,0.00,-265.5000,574.5000,-2844.0000
1,5.3800,0.00,-267.0000,583.5000,-2845.5000
1,5.4000,-1.00,-273.0000,597.0000,-2847.0000
1,5.4200,0.00,-277.5000,609.0000,-2857.5000
1,5.4400,-1.00,-276.0000,630.0000,-2872.5000
1,5.4600,0.00,-285.0000,651.0000,-2901.0000
1,5.4800,0.00,-249.0000,684.0000,-2965.5000
1,5.5000,0.00,-243.0000,687.0000,-2971.5000
1,5.5200,0.00,-238.5000,685.5000,-2968.5000
1,5.5400,0.00,-202.5000,633.0000,-2877.0000
1,5.5600,0.00,-210.0000,600.0000,-2811.0000
1,5.5800,0.00,-207.0000,582.0000,-2751.0000
1,5.6000,0.00,-192.0000,555.0000,-2698.5000
1,5.6200,0.00,-171.0000,519.0000,-2635.5000
1,5.6400,0.00,-172.5000,501.0000,-2631.0000
1,5.6600,0.00,-178.5000,483.0000,-2611.5000
1,5.6800,1.00,-183.0000,478.5000,-2607.0000
1,5.7000,0.00,-184.5000,481.5000,-2599.5000
1,5.7200,0.00,-186.0000,477.0000,-2620.5000
1,5.7400,0.00,-193.5000,475.5000,-2652.0000
1,5.7600,-1.00,-247.5000,469.5000,-2710.5000
1,5.7800,-1.00,-270.0000,484.5000,-2730.0000
1,5.8000,0.00,-280.5000,493.5000,-2745.0000
1,5.8200,0.00,-292.5000,505.5000,-2767.5000
1,5.8400,0.00,-291.0000,538.5000,-2830.5000
1,5.8600,0.00,-291.0000,544.5000,-2851.5000
1,5.8800,0.00,-303.0000,564.0000,-2863.5000
1,5.9000,0.00,-319.5000,568.5000,-2868.0000
1,5.9200,0.00,-340.5000,580.5000,-2857.5000
1,5.9400,0.00,-346.5000,568.5000,-2842.5000
1,5.9600,0.00,-351.0000,573.0000,-2823.0000
1,5.9800,1.00,-342.0000,568.5000,-2776.5000
1,6.0000,0.00,-321.0000,574.5000,-2742.0000
1,6.0200,0.00,-292.5000,561.0000,-2712.0000
1,6.0400,0.00,-267.0000,552.0000,-2683.5000
1,6.0600,0.00,-240.0000,526.5000,-2635.5000
1,6.0800,0.00,-222.0000,498.0000,-2617.5000
1,6.1000,0.00,-201.0000,481.5000,-2607.0000
1,6.1200,2.00,-198.0000,472.5000,-2599.5000
1,6.1400,0.00,-193.5000,474.0000,-2596.5000
1,6.1600,0.00,-193.5000,471.0000,-2593.5000
1,6.1800,0.00,-189.0000,468.0000,-2593.5000
1,6.2000,0.00,-184.5000,468.0000,-2589.0000
1,6.2200,0.00,-189.0000,465.0000,-2587.5000
1,6.2400,0.00,-187.5000,466.5000,-2586.0000
1,6.2600,1.00,-189.0000,469.5000,-2587.5000
1,6.2800,0.00,-181.5000,466.5000,-2583.0000
1,6.3000,0.00,-183.0000,469.5000,-2584.5000
1,6.3200,0.00,-183.0000,462.0000,-2581.5000
1,6.3400,0.00,-183.0000,463.5000,-2581.5000
1,6.3600,0.00,-189.0000,463.5000,-2580.0000
1,6.3800,0.00,-184.5000,459.0000,-2580.0000
1,6.4000,0.00,-178.5000,460.5000,-2580.0000
1,6.4200,0.00,-184.5000,462.0000,-2578.5000
1,6.4400,0.00,-178.5000,460.5000,-2580.0000
1,6.4600,0.00,-178.5000,463.5000,-2577.0000
1,6.4800,0.00,-181.5000,463.5000,-2578.5000
1,6.5000,0.00,-178.5000,462.0000,-2577.0000
1,6.5200,0.00,-181.5000,465.0000,-2575.5000
1,6.5400,0.00,-178.5000,463.5000,-2577.0000
1,6.5600,0.00,-175.5000,457.5000,-2577.0000
1,6.5800,0.00,-184.5000,459.0000,-2575.5000
1,6.6000,-1.00,-183.0000,457.5000,-2577.0000
1,6.6200,-1.00,-178.5000,460.5000,-2575.5000
1,6.6400,0.00,-181.5000,457.5000,-2575.5000
1,6.6600,0.00,-172.5000,457.5000,-2574.0000
1,6.6800,0.00,-177.0000,454.5000,-2572.5000
1,6.7000,0.00,-180.0000,454.5000,-2572.5000
1,6.7200,0.00,-178.5000,463.5000,-2574.0000
1,6.7400,0.00,-178.5000,459.0000,-2574.0000
1,6.7600,0.00,-175.5000,457.5000,-2574.0000
1,6.7800,0.00,-177.0000,457.5000,-2574.0000
1,6.8000,0.00,-180.0000,462.0000,-2571.0000
1,6.8200,0.00,-172.5000,459.0000,-2572.5000
1,6.8400,1.00,-174.0000,459.0000,-2571.0000
1,6.8600,0.00,-180.0000,456.0000,-2569.5000
1,6.8800,0.00,-171.0000,457.5000,-2571.0000
1,6.9000,0.00,-177.0000,459.0000,-2569.5000
1,6.9200,0.00,-174.0000,453.0000,-2571.0000
1,6.9400,0.00,-174.0000,453.0000,-2571.0000
1,6.9600,0.00,-174.0000,454.5000,-2572.5000
1,6.9800,0.00,-175.5000,457.5000,-2571.0000
1,7.0000,0.00,-174.0000,454.5000,-2593.5000
1,7.0200,0.00,-163.5000,466.5000,-2640.0000
1,7.0400,-1.00,-169.5000,469.5000,-2668.5000
1,7.0600,-1.00,-165.0000,478.5000,-2706.0000
1,7.0800,0.00,-118.5000,475.5000,-2701.5000
1,7.1000,0.00,-97.5000,468.0000,-2682.0000
1,7.1200,0.00,-106.5000,469.5000,-2647.5000
1,7.1400,0.00,-153.0000,460.5000,-2595.0000
1,7.1600,0.00,-154.5000,459.0000,-2590.5000
1,7.1800,-1.00,-159.0000,456.0000,-2586.0000
1,7.2000,0.00,-159.0000,456.0000,-2584.5000
1,7.2200,0.00,-163.5000,451.5000,-2581.5000
1,7.2400,0.00,-165.0000,453.0000,-2578.5000
1,7.2600,0.00,-165.0000,454.5000,-2577.0000
1,7.2800,0.00,-166.5000,453.0000,-2575.5000
1,7.3000,0.00,-162.0000,457.5000,-2577.0000
1,7.3200,0.00,-163.5000,453.0000,-2575.5000
1,7.3400,0.00,-169.5000,453.0000,-2578.5000
1,7.3600,0.00,-165.0000,451.5000,-2575.5000
1,7.3800,0.00,-166.5000,453.0000,-2574.0000
1,7.4000,0.00,-165.0000,450.0000,-2574.0000
1,7.4200,-1.00,-162.0000,450.0000,-2574.0000
1,7.4400,0.00,-163.5000,453.0000,-2572.5000
1,7.4600,0.00,-166.5000,451.5000,-2575.5000
1,7.4800,0.00,-169.5000,453.0000,-2571.0000
1,7.5000,-1.00,-166.5000,448.5000,-2572.5000
1,7.5200,0.00,-163.5000,448.5000,-2572.5000
1,7.5400,0.00,-163.5000,448.5000,-2572.5000
1,7.5600,-1.00,-166.5000,450.0000,-2574.0000
1,7.5800,0.00,-166.5000,450.0000,-2571.0000
1,7.6000,0.00,-168.0000,454.5000,-2571.0000
1,7.6200,0.00,-168.0000,451.5000,-2571.0000
1,7.6400,0.00,-169.5000,447.0000,-2569.5000
1,7.6600,0.00,-162.0000,450.0000,-2569.5000
1,7.6800,0.00,-162.0000,459.0000,-2589.0000
1,7.7000,0.00,-159.0000,478.5000,-2625.0000
1,7.7200,0.00,-130.5000,508.5000,-2701.5000
1,7.7400,0.00,-120.0000,511.5000,-2722.5000
1,7.7600,0.00,-121.5000,505.5000,-2728.5000
1,7.7800,0.00,-120.0000,499.5000,-2727.0000
1,7.8000,0.00,-106.5000,483.0000,-2670.0000
1,7.8200,0.00,-99.0000,478.5000,-2638.5000
1,7.8400,0.00,-90.0000,478.5000,-2635.5000
1,7.8600,0.00,-141.0000,456.0000,-2592.0000
1,7.8800,0.00,-151.5000,451.5000,-2590.5000
1,7.9000,0.00,-154.5000,454.5000,-2584.5000
1,7.9200,0.00,-153.0000,453.0000,-2584.5000
1,7.9400,0.00,-156.0000,448.5000,-2583.0000
1,7.9600,0.00,-153.0000,450.0000,-2580.0000
1,7.9800,0.00,-162.0000,462.0000,-2605.5000
1,8.0000,2.00,-178.5000,469.5000,-2637.0000
1,8.0200,0.00,-205.5000,490.5000,-2715.0000
1,8.0400,0.00,-220.5000,498.0000,-2739.0000
1,8.0600,0.00,-229.5000,496.5000,-2758.5000
1,8.0800,0.00,-259.5000,537.0000,-2824.5000
1,8.1000,0.00,-280.5000,567.0000,-2868.0000
1,8.1200,0.00,-304.5000,586.5000,-2908.5000
1,8.1400,0.00,-327.0000,607.5000,-2947.5000
1,8.1600,0.00,-375.0000,642.0000,-3000.0000
1,8.1800,0.00,-393.0000,645.0000,-3022.5000
1,8.2000,0.00,-387.0000,645.0000,-3052.5000
1,8.2200,0.00,-399.0000,630.0000,-3081.0000
1,8.2400,0.00,-411.0000,603.0000,-3162.0000
1,8.2600,0.00,-403.5000,604.5000,-3202.5000
1,8.2800,0.00,-370.5000,621.0000,-3253.5000
1,8.3000,0.00,-342.0000,663.0000,-3340.5000
1,8.3200,0.00,-340.5000,666.0000,-3363.0000
1,8.3400,0.00,-366.0000,669.0000,-3375.0000
1,8.3600,0.00,-412.5000,676.5000,-3385.5000
1,8.3800,0.00,-489.0000,673.5000,-3402.0000
1,8.4000,0.00,-495.0000,676.5000,-3406.5000
1,8.4200,0.00,-493.5000,685.5000,-3390.0000
1,8.4400,0.00,-516.0000,675.0000,-3363.0000
1,8.4600,0.00,-517.5000,678.0000,-3366.0000
1,8.4800,0.00,-519.0000,687.0000,-3366.0000
1,8.5000,0.00,-522.0000,693.0000,-3370.5000
1,8.5200,0.00,-504.0000,712.5000,-3376.5000
1,8.5400,0.00,-510.0000,727.5000,-3370.5000
1,8.5600,0.00,-490.5000,757.5000,-3348.0000
1,8.5800,0.00,-448.5000,790.5000,-3303.0000
1,8.6000,-1.00,-384.0000,841.5000,-3250.5000
1,8.6200,0.00,-361.5000,847.5000,-3240.0000
1,8.6400,0.00,-357.0000,852.0000,-3238.5000
1,8.6600,0.00,-342.0000,885.0000,-3265.5000
1,8.6800,0.00,-313.5000,910.5000,-3276.0000
1,8.7000,0.00,-289.5000,909.0000,-3283.5000
1,8.7200,0.00,-273.0000,921.0000,-3280.5000
1,8.7400,0.00,-274.5000,909.0000,-3297.0000
1,8.7600,0.00,-282.0000,915.0000,-3304.5000
1,8.7800,0.00,-300.0000,922.5000,-3325.5000
1,8.8000,0.00,-373.5000,916.5000,-3396.0000
1,8.8200,0.00,-402.0000,906.0000,-3420.0000
1,8.8400,0.00,-423.0000,897.0000,-3451.5000
1,8.8600,0.00,-430.5000,870.0000,-3478.5000
1,8.8800,0.00,-442.5000,832.5000,-3505.5000
1,8.9000,0.00,-463.5000,808.5000,-3508.5000
1,8.9200,0.00,-496.5000,790.5000,-3513.0000
1,8.9400,0.00,-525.0000,766.5000,-3520.5000
1,8.9600,0.00,-582.0000,742.5000,-3543.0000
1,8.9800,0.00,-571.5000,748.5000,-3568.5000
1,9.0000,0.00,-565.5000,769.5000,-3592.5000
1,9.0200,0.00,-555.0000,795.0000,-3618.0000
1,9.0400,0.00,-565.5000,795.0000,-3636.0000
1,9.0600,0.00,-576.0000,790.5000,-3657.0000
1,9.0800,-1.00,-561.0000,789.0000,-3664.5000
1,9.1000,0.00,-412.5000,742.5000,-3646.5000
1,9.1200,0.00,-357.0000,738.0000,-3654.0000
1,9.1400,0.00,-307.5000,721.5000,-3658.5000
1,9.1600,1.00,-301.5000,712.5000,-3672.0000
1,9.1800,0.00,-412.5000,739.5000,-3708.0000
1,9.2000,0.00,-463.5000,766.5000,-3711.0000
1,9.2200,0.00,-507.0000,787.5000,-3720.0000
1,9.2400,0.00,-535.5000,829.5000,-3732.0000
1,9.2600,0.00,-523.5000,838.5000,-3753.0000
1,9.2800,0.00,-528.0000,841.5000,-3787.5000
1,9.3000,0.00,-535.5000,843.0000,-3816.0000
1,9.3200,0.00,-537.0000,865.5000,-3876.0000
1,9.3400,-1.00,-507.0000,888.0000,-3946.5000
1,9.3600,0.00,-453.0000,912.0000,-3984.0000
1,9.3800,1.00,-430.5000,957.0000,-4018.5000
1,9.4000,0.00,-492.0000,1003.5000,-4062.0000
1,9.4200,0.00,-540.0000,1051.5000,-4093.5000
1,9.4400,0.00,-574.5000,1087.5000,-4119.0000
1,9.4600,0.00,-630.0000,1182.0000,-4180.5000
1,9.4800,0.00,-655.5000,1210.5000,-4215.0000
1,9.5000,0.00,-697.5000,1222.5000,-4246.5000
1,9.5200,0.00,-736.5000,1234.5000,-4272.0000
1,9.5400,0.00,-814.5000,1234.5000,-4341.0000
1,9.5600,0.00,-897.0000,1237.5000,-4353.0000
1,9.5800,0.00,-951.0000,1258.5000,-4371.0000
1,9.6000,0.00,-1032.0000,1291.5000,-4413.0000
1,9.6200,1.00,-1060.5000,1299.0000,-4464.0000
1,9.6400,0.00,-1023.0000,1329.0000,-4567.5000
1,9.6600,0.00,-963.0000,1411.5000,-4711.5000
1,9.6800,0.00,-705.0000,1560.0000,-4947.0000
1,9.7000,0.00,-550.5000,1659.0000,-5011.5000
1,9.7200,0.00,-429.0000,1707.0000,-5097.0000
1,9.7400,0.00,-226.5000,1732.5000,-5221.5000
1,9.7600,0.00,-208.5000,1717.5000,-5325.0000
1,9.7800,0.00,-258.0000,1681.5000,-5431.5000
1,9.8000,0.00,-354.0000,1650.0000,-5502.0000
1,9.8200,0.00,-532.5000,1672.5000,-5581.5000
1,9.8400,0.00,-535.5000,1707.0000,-5676.0000
1,9.8600,0.00,-520.5000,1729.5000,-5775.0000
1,9.8800,1.00,-549.0000,1722.0000,-5845.5000
1,9.9000,0.00,-732.0000,1707.0000,-6024.0000
1,9.9200,0.00,-895.5000,1671.0000,-6058.5000
1,9.9400,0.00,-1074.0000,1624.5000,-6112.5000
1,9.9600,0.00,-1320.0000,1651.5000,-6141.0000
1,9.9800,0.00,-1408.5000,1663.5000,-6159.0000
1,10.0000,0.00,-1459.5000,1665.0000,-6178.5000
1,10.0200,0.00,-1455.0000,1699.5000,-6214.5000
1,10.0400,-1.00,-1479.0000,1831.5000,-6330.0000
1,10.0600,0.00,-1474.5000,1909.5000,-6432.0000
1,10.0800,0.00,-1465.5000,1998.0000,-6523.5000
1,10.1000,0.00,-1473.0000,2136.0000,-6573.0000
1,10.1200,0.00,-1474.5000,2179.5000,-6559.5000
1,10.1400,0.00,-1476.0000,2173.5000,-6579.0000
1,10.1600,0.00,-1473.0000,2139.0000,-6595.5000
1,10.1800,0.00,-1512.0000,2188.5000,-6501.0000
1,10.2000,0.00,-1579.5000,2211.0000,-6430.5000
1,10.2200,0.00,-1696.5000,2209.5000,-6340.5000
1,10.2400,1.00,-1804.5000,2193.0000,-6258.0000
1,10.2600,0.00,-1995.0000,2185.5000,-6214.5000
1,10.2800,0.00,-2022.0000,2239.5000,-6219.0000
1,10.3000,0.00,-2040.0000,2323.5000,-6184.5000
1,10.3200,26.00,-2191.5000,2494.5000,-6063.0000
1,10.3400,2.00,-2317.5000,2557.5000,-6004.5000
1,10.3600,15.00,-2437.5000,2604.0000,-5913.0000
1,10.3800,90.00,-2584.5000,2646.0000,-5791.5000
1,10.4000,91.00,-2739.0000,2779.5000,-5700.0000
1,10.4200,94.00,-2745.0000,2872.5000,-5688.0000
1,10.4400,101.00,-2776.5000,2940.0000,-5676.0000
1,10.4600,105.00,-2821.5000,3085.5000,-5662.5000
1,10.4800,106.00,-2838.0000,3136.5000,-5662.5000
1,10.5001,107.00,-2842.5000,3195.0000,-5680.5000
1,10.5201,110.00,-2824.5000,3270.0000,-5706.0000
1,10.5401,110.00,-2763.0000,3369.0000,-5779.5000
1,10.5601,114.00,-2749.5000,3361.5000,-5842.5000
1,10.5801,111.00,-2721.0000,3403.5000,-6058.5000
1,10.6001,117.00,-2632.5000,3373.5000,-6384.0000
1,10.6201,119.00,-2505.0000,3492.0000,-6570.0000
1,10.6401,118.00,-2464.5000,3565.5000,-6630.0000
1,10.6601,119.00,-2467.5000,3574.5000,-6619.5000
1,10.6801,122.00,-2529.0000,3621.0000,-6457.5000
1,10.7001,123.00,-2562.0000,3691.5000,-6387.0000
1,10.7201,122.00,-2580.0000,3720.0000,-6364.5000
1,10.7401,124.00,-2575.5000,3745.5000,-6393.0000
1,10.7601,125.00,-2578.5000,3786.0000,-6370.5000
1,10.7801,128.00,-2619.0000,3813.0000,-6364.5000
1,10.8001,129.00,-2758.5000,3775.5000,-6243.0000
1,10.8201,124.00,-2802.0000,3801.0000,-6082.5000
1,10.8401,124.00,-2848.5000,3835.5000,-5977.5000
1,10.8601,136.00,-2889.0000,3852.0000,-5880.0000
1,10.8801,136.00,-2859.0000,4038.0000,-5940.0000
1,10.9001,136.00,-2844.0000,4098.0000,-5947.5000
1,10.9201,131.00,-2902.5000,4147.5000,-5838.0000
1,10.9401,134.00,-3055.5000,4159.5000,-5473.5000
1,10.9601,135.00,-3159.0000,4120.5000,-5319.0000
1,10.9801,133.00,-3225.0000,4108.5000,-5163.0000
1,11.0001,137.00,-3247.5000,4122.0000,-4980.0000
1,11.0201,161.00,-3280.5000,4216.5000,-4848.0000
1,11.0401,172.00,-3291.0000,4332.0000,-4905.0000
1,11.0601,184.00,-3300.0000,4365.0000,-4776.0000
1,11.0801,185.00,-3367.5000,4410.0000,-4480.5000
1,11.1001,185.00,-3402.0000,4396.5000,-4342.5000
1,11.1201,184.00,-3405.0000,4402.5000,-4231.5000
1,11.1401,186.00,-3394.5000,4438.5000,-4147.5000
1,11.1601,186.00,-3396.0000,4470.0000,-3993.0000
1,11.1801,189.00,-3397.5000,4507.5000,-3922.5000
1,11.2001,190.00,-3412.5000,4513.5000,-3801.0000
1,11.2201,192.00,-3438.0000,4408.5000,-3477.0000
1,11.2401,193.00,-3457.5000,4375.5000,-3355.5000
1,11.2601,194.00,-3486.0000,4354.5000,-3283.5000
1,11.2801,197.00,-3498.0000,4338.0000,-3244.5000
1,11.3001,199.00,-3498.0000,4377.0000,-3171.0000
1,11.3201,205.00,-3495.0000,4396.5000,-3133.5000
1,11.3401,210.00,-3481.5000,4455.0000,-3103.5000
1,11.3601,212.00,-3474.0000,4521.0000,-3076.5000
1,11.3801,215.00,-3462.0000,4512.0000,-3004.5000
1,11.4001,217.00,-3471.0000,4488.0000,-2920.5000
1,11.4201,217.00,-3484.5000,4470.0000,-2877.0000
1,11.4401,228.00,-3504.0000,4467.0000,-2788.5000
1,11.4601,248.00,-3508.5000,4554.0000,-2811.0000
1,11.4801,259.00,-3498.0000,4588.5000,-2797.5000
1,11.5001,271.00,-3504.0000,4615.5000,-2718.0000
1,11.5201,279.00,-3507.0000,4594.5000,-2628.0000
1,11.5401,283.00,-3510.0000,4567.5000,-2568.0000
1,11.5601,288.00,-3534.0000,4555.5000,-2532.0000
1,11.5801,292.00,-3556.5000,4564.5000,-2481.0000
1,11.6001,301.00,-3571.5000,4588.5000,-2497.5000
1,11.6201,304.00,-3595.5000,4608.0000,-2517.0000
1,11.6401,305.00,-3645.0000,4617.0000,-2511.0000
1,11.6601,306.00,-3663.0000,4621.5000,-2508.0000
1,11.6801,304.00,-3666.0000,4611.0000,-2499.0000
1,11.7001,292.00,-3685.5000,4593.0000,-2523.0000
1,11.7201,286.00,-3685.5000,4588.5000,-2535.0000
1,11.7401,277.00,-3687.0000,4584.0000,-2562.0000
1,11.7601,270.00,-3699.0000,4575.0000,-2575.5000
1,11.7801,269.00,-3729.0000,4548.0000,-2601.0000
1,11.8001,270.00,-3747.0000,4551.0000,-2617.5000
1,11.8201,275.00,-3774.0000,4546.5000,-2634.0000
1,11.8401,278.00,-3799.5000,4558.5000,-2641.5000
1,11.8601,281.00,-3844.5000,4566.0000,-2629.5000
1,11.8801,292.00,-3853.5000,4546.5000,-2601.0000
1,11.9001,281.00,-3862.5000,4546.5000,-2611.5000
1,11.9201,274.00,-3853.5000,4549.5000,-2670.0000
1,11.9401,253.00,-3844.5000,4542.0000,-2701.5000
1,11.9601,216.00,-3831.0000,4537.5000,-2763.0000
1,11.9801,199.00,-3817.5000,4530.0000,-2847.0000
1,12.0001,178.00,-3739.5000,4444.5000,-3042.0000
1,12.0201,140.00,-3670.5000,4363.5000,-3183.0000
1,12.0401,20.00,-3601.5000,4240.5000,-3372.0000
1,12.0601,0.00,-3382.5000,3781.5000,-3762.0000
1,12.0801,0.00,-3219.0000,3558.0000,-4050.0000
1,12.1001,0.00,-3061.5000,3174.0000,-4269.0000
1,12.1201,0.00,-2832.0000,2727.0000,-4332.0000
1,12.1401,0.00,-2479.5000,2044.5000,-4228.5000
1,12.1601,0.00,-2292.0000,1689.0000,-4111.5000
1,12.1801,0.00,-2136.0000,1438.5000,-3993.0000
1,12.2001,0.00,-1864.5000,1150.5000,-3870.0000
1,12.2201,0.00,-1737.0000,1047.0000,-3891.0000
1,12.2401,0.00,-1605.0000,954.0000,-3916.5000
1,12.2601,-1.00,-1452.0000,867.0000,-3897.0000
1,12.2801,0.00,-1276.5000,727.5000,-3850.5000
1,12.3001,0.00,-1200.0000,672.0000,-3817.5000
1,12.3201,0.00,-1107.0000,616.5000,-3774.0000
1,12.3401,0.00,-951.0000,538.5000,-3652.5000
1,12.3601,0.00,-907.5000,516.0000,-3570.0000
1,12.3801,0.00,-888.0000,475.5000,-3403.5000
1,12.4001,0.00,-859.5000,465.0000,-3316.5000
1,12.4201,-1.00,-843.0000,472.5000,-3265.5000
1,12.4401,0.00,-831.0000,478.5000,-3255.0000
1,12.4601,0.00,-816.0000,490.5000,-3247.5000
1,12.4801,0.00,-802.5000,466.5000,-3223.5000
1,12.5001,0.00,-786.0000,466.5000,-3219.0000
1,12.5201,0.00,-781.5000,477.0000,-3211.5000
1,12.5401,0.00,-778.5000,474.0000,-3198.0000
1,12.5601,0.00,-780.0000,454.5000,-3166.5000
1,12.5801,0.00,-772.5000,460.5000,-3157.5000
1,12.6001,0.00,-760.5000,448.5000,-3141.0000
1,12.6201,0.00,-739.5000,432.0000,-3114.0000
1,12.6401,0.00,-735.0000,409.5000,-3103.5000
1,12.6601,0.00,-738.0000,394.5000,-3105.0000
1,12.6801,0.00,-729.0000,381.0000,-3106.5000
1,12.7001,0.00,-709.5000,337.5000,-3115.5000
1,12.7201,0.00,-685.5000,327.0000,-3111.0000
1,12.7401,0.00,-636.0000,330.0000,-3111.0000
1,12.7601,1.00,-591.0000,319.5000,-3127.5000
1,12.7801,0.00,-460.5000,328.5000,-3108.0000
1,12.8001,0.00,-406.5000,345.0000,-3081.0000
1,12.8201,0.00,-373.5000,355.5000,-3045.0000
1,12.8401,0.00,-352.5000,346.5000,-2995.5000
1,12.8601,0.00,-343.5000,333.0000,-2976.0000
1,12.8801,0.00,-337.5000,364.5000,-2964.0000
1,12.9001,1.00,-330.0000,370.5000,-2976.0000
1,12.9201,0.00,-270.0000,358.5000,-3039.0000
1,12.9401,0.00,-256.5000,339.0000,-3076.5000
1,12.9601,0.00,-253.5000,328.5000,-3133.5000
1,12.9801,0.00,-223.5000,282.0000,-3279.0000
1,13.0001,0.00,-196.5000,255.0000,-3340.5000
1,13.0201,0.00,-151.5000,226.5000,-3388.5000
1,13.0401,0.00,-99.0000,211.5000,-3418.5000
1,13.0601,-1.00,-105.0000,180.0000,-3532.5000
1,13.0801,0.00,-103.5000,175.5000,-3628.5000
1,13.1001,0.00,-120.0000,153.0000,-3714.0000
1,13.1201,0.00,-175.5000,108.0000,-3906.0000
1,13.1401,0.00,-208.5000,84.0000,-4002.0000
1,13.1601,0.00,-271.5000,69.0000,-4141.5000
1,13.1801,0.00,-325.5000,31.5000,-4324.5000
1,13.2001,0.00,-298.5000,22.5000,-4765.5000
1,13.2201,-1.00,-235.5000,58.5000,-4990.5000
1,13.2401,0.00,-132.0000,130.5000,-5217.0000
1,13.2601,2.00,13.5000,207.0000,-5499.0000
1,13.2801,0.00,63.0000,229.5000,-5949.0000
1,13.3001,0.00,79.5000,216.0000,-6084.0000
1,13.3201,0.00,21.0000,240.0000,-6181.5000
1,13.3401,0.00,-249.0000,169.5000,-6397.5000
1,13.3601,0.00,-315.0000,108.0000,-6520.5000
1,13.3801,0.00,-408.0000,34.5000,-6582.0000
1,13.4001,0.00,-501.0000,0.0000,-6609.0000
1,13.4201,0.00,-546.0000,-117.0000,-6739.5000
1,13.4401,0.00,-684.0000,-157.5000,-6789.0000
1,13.4601,0.00,-780.0000,-211.5000,-6942.0000
1,13.4801,1.00,-774.0000,-367.5000,-6955.5000
1,13.5001,0.00,-687.0000,-370.5000,-7008.0000
1,13.5201,0.00,-618.0000,-339.0000,-7101.0000
1,13.5401,0.00,-603.0000,-327.0000,-7146.0000
1,13.5601,0.00,-706.5000,-180.0000,-7116.0000
1,13.5801,0.00,-772.5000,-139.5000,-7162.5000
1,13.6001,0.00,-810.0000,-148.5000,-7191.0000
1,13.6201,2.00,-795.0000,-142.5000,-7210.5000
1,13.6401,5.00,-724.5000,-84.0000,-7278.0000
1,13.6601,48.00,-693.0000,-61.5000,-7333.5000
1,13.6801,23.00,-735.0000,-94.5000,-7329.0000
1,13.7001,25.00,-879.0000,-88.5000,-7294.5000
1,13.7201,27.00,-973.5000,-94.5000,-7282.5000
1,13.7401,29.00,-1071.0000,-61.5000,-7293.0000
1,13.7601,30.00,-1126.5000,-16.5000,-7311.0000
1,13.7801,33.00,-1120.5000,-70.5000,-7311.0000
1,13.8001,34.00,-1143.0000,-129.0000,-7336.5000
1,13.8201,36.00,-1165.5000,-160.5000,-7314.0000
1,13.8401,49.00,-1195.5000,-130.5000,-7440.0000
1,13.8601,86.00,-1152.0000,-124.5000,-7525.5000
1,13.8801,91.00,-1101.0000,-108.0000,-7576.5000
1,13.9001,101.00,-1056.0000,-70.5000,-7653.0000
1,13.9201,110.00,-1012.5000,106.5000,-7999.5000
1,13.9401,123.00,-994.5000,189.0000,-8164.5000
1,13.9601,136.00,-1011.0000,268.5000,-8337.0000
1,13.9801,142.00,-1090.5000,384.0000,-8665.5000
1,14.0001,148.00,-1128.0000,471.0000,-8832.0000
1,14.0201,151.00,-1126.5000,648.0000,-8968.5000
1,14.0401,152.00,-1156.5000,792.0000,-9237.0000
1,14.0601,153.00,-1083.0000,859.5000,-9418.5000
1,14.0801,153.00,-1183.5000,964.5000,-9651.0000
1,14.1001,155.00,-1279.5000,976.5000,-9687.0000
1,14.1201,148.00,-1633.5000,1042.5000,-9757.5000
1,14.1401,158.00,-1735.5000,1053.0000,-9817.5000
1,14.1601,172.00,-1821.0000,1068.0000,-9904.5000
1,14.1801,176.00,-1900.5000,1122.0000,-9996.0000
1,14.2001,182.00,-1998.0000,1230.0000,-10096.5000
1,14.2201,190.00,-2088.0000,1257.0000,-10179.0000
1,14.2401,199.00,-2167.5000,1306.5000,-10245.0000
1,14.2601,207.00,-2266.5000,1423.5000,-10359.0000
1,14.2801,217.00,-2265.0000,1614.0000,-10548.0000
1,14.3001,225.00,-2218.5000,1807.5000,-10665.0000
1,14.3201,227.00,-2178.0000,2008.5000,-10744.5000
1,14.3401,237.00,-2206.5000,2317.5000,-10846.5000
1,14.3601,293.00,-2290.5000,2425.5000,-10879.5000
1,14.3801,307.00,-2449.5000,2491.5000,-10852.5000
1,14.4001,343.00,-2760.0000,2704.5000,-10869.0000
1,14.4201,350.00,-2889.0000,2778.0000,-10893.0000
1,14.4401,356.00,-2988.0000,2899.5000,-10866.0000
1,14.4601,360.00,-3238.5000,3213.0000,-10699.5000
1,14.4801,363.00,-3381.0000,3306.0000,-10645.5000
1,14.5001,357.00,-3523.5000,3369.0000,-10588.5000
1,14.5201,373.00,-3669.0000,3433.5000,-10573.5000
1,14.5401,374.00,-4003.5000,3604.5000,-10623.0000
1,14.5601,376.00,-4092.0000,3610.5000,-10591.5000
1,14.5801,376.00,-4177.5000,3672.0000,-10573.5000
1,14.6001,387.00,-4389.0000,3943.5000,-10444.5000
1,14.6201,394.00,-4527.0000,4042.5000,-10362.0000
1,14.6401,404.00,-4623.0000,4129.5000,-10272.0000
1,14.6601,418.00,-4687.5000,4228.5000,-10200.0000
1,14.6801,425.00,-4884.0000,4438.5000,-10006.5000
1,14.7001,425.00,-4959.0000,4519.5000,-9886.5000
1,14.7201,422.00,-5053.5000,4639.5000,-9729.0000
1,14.7401,426.00,-5235.0000,4816.5000,-9445.5000
1,14.7601,433.00,-5316.0000,4870.5000,-9373.5000
1,14.7801,435.00,-5377.5000,4911.0000,-9303.0000
1,14.8001,437.00,-5466.0000,4975.5000,-9168.0000
1,14.8201,444.00,-5637.0000,5067.0000,-8904.0000
1,14.8401,447.00,-5695.5000,5104.5000,-8785.5000
1,14.8601,459.00,-5751.0000,5160.0000,-8661.0000
1,14.8802,466.00,-5901.0000,5227.5000,-8506.5000
1,14.9002,466.00,-5964.0000,5281.5000,-8403.0000
1,14.9202,467.00,-6039.0000,5319.0000,-8247.0000
1,14.9402,467.00,-6099.0000,5349.0000,-8133.0000
1,14.9602,468.00,-6219.0000,5425.5000,-7987.5000
1,14.9802,474.00,-6270.0000,5463.0000,-7905.0000
1,15.0002,477.00,-6312.0000,5493.0000,-7830.0000
1,15.0202,474.00,-6399.0000,5566.5000,-7660.5000
1,15.0402,483.00,-6415.5000,5590.5000,-7453.5000
1,15.0602,482.00,-6451.5000,5668.5000,-7380.0000
1,15.0802,487.00,-6456.0000,5691.0000,-7387.5000
1,15.1002,487.00,-6442.5000,5742.0000,-7159.5000
1,15.1202,488.00,-6439.5000,5757.0000,-7110.0000
1,15.1402,490.00,-6469.5000,5761.5000,-7146.0000
1,15.1602,488.00,-6453.0000,5826.0000,-7167.0000
1,15.1802,488.00,-6420.0000,5839.5000,-7201.5000
1,15.2002,489.00,-6396.0000,5880.0000,-7230.0000
1,15.2202,492.00,-6382.5000,5911.5000,-7224.0000
1,15.2402,492.00,-6378.0000,5961.0000,-7222.5000
1,15.2602,500.00,-6376.5000,5983.5000,-7192.5000
1,15.2802,507.00,-6384.0000,6030.0000,-7143.0000
1,15.3002,510.00,-6417.0000,6087.0000,-7042.5000
1,15.3202,509.00,-6417.0000,6120.0000,-6933.0000
1,15.3402,512.00,-6388.5000,6147.0000,-6793.5000
1,15.3602,516.00,-6379.5000,6174.0000,-6676.5000
1,15.3802,517.00,-6370.5000,6211.5000,-6502.5000
1,15.4002,518.00,-6352.5000,6231.0000,-6390.0000
1,15.4202,518.00,-6363.0000,6241.5000,-6322.5000
1,15.4402,519.00,-6403.5000,6258.0000,-6145.5000
1,15.4602,519.00,-6424.5000,6252.0000,-6117.0000
1,15.4802,519.00,-6432.0000,6258.0000,-6085.5000
1,15.5002,521.00,-6441.0000,6282.0000,-6066.0000
1,15.5202,521.00,-6429.0000,6337.5000,-5982.0000
1,15.5402,521.00,-6418.5000,6366.0000,-5959.5000
1,15.5602,522.00,-6417.0000,6394.5000,-5944.5000
1,15.5802,522.00,-6379.5000,6450.0000,-5863.5000
1,15.6002,522.00,-6366.0000,6504.0000,-5857.5000
1,15.6202,523.00,-6355.5000,6541.5000,-5848.5000
1,15.6402,524.00,-6294.0000,6603.0000,-5745.0000
1,15.6602,523.00,-6265.5000,6615.0000,-5694.0000
1,15.6802,519.00,-6249.0000,6619.5000,-5638.5000
1,15.7002,519.00,-6235.5000,6615.0000,-5559.0000
1,15.7202,520.00,-6208.5000,6580.5000,-5394.0000
1,15.7402,518.00,-6228.0000,6595.5000,-5397.0000
1,15.7602,519.00,-6231.0000,6600.0000,-5353.5000
1,15.7802,519.00,-6219.0000,6625.5000,-5304.0000
1,15.8002,519.00,-6235.5000,6627.0000,-5298.0000
1,15.8202,519.00,-6235.5000,6628.5000,-5253.0000
1,15.8402,519.00,-6204.0000,6598.5000,-5148.0000
1,15.8602,520.00,-6195.0000,6594.0000,-5064.0000
1,15.8802,520.00,-6198.0000,6583.5000,-5020.5000
1,15.9002,518.00,-6183.0000,6579.0000,-4974.0000
1,15.9202,519.00,-6129.0000,6526.5000,-4788.0000
1,15.9402,521.00,-6112.5000,6513.0000,-4686.0000
1,15.9602,520.00,-6093.0000,6492.0000,-4600.5000
1,15.9802,519.00,-6081.0000,6472.5000,-4542.0000
1,16.0002,520.00,-6037.5000,6439.5000,-4423.5000
1,16.0202,522.00,-6036.0000,6430.5000,-4363.5000
1,16.0402,519.00,-6018.0000,6415.5000,-4293.0000
1,16.0602,522.00,-5974.5000,6372.0000,-4180.5000
1,16.0802,521.00,-5967.0000,6354.0000,-4147.5000
1,16.1002,522.00,-5973.0000,6357.0000,-4120.5000
1,16.1202,519.00,-5976.0000,6340.5000,-4080.0000
1,16.1402,520.00,-5961.0000,6312.0000,-4012.5000
1,16.1602,519.00,-5979.0000,6297.0000,-3975.0000
1,16.1802,517.00,-5973.0000,6294.0000,-3955.5000
1,16.2002,516.00,-5968.5000,6279.0000,-3973.5000
1,16.2202,518.00,-5943.0000,6274.5000,-3918.0000
1,16.2402,517.00,-5937.0000,6265.5000,-3895.5000
1,16.2602,517.00,-5925.0000,6247.5000,-3877.5000
1,16.2802,514.00,-5887.5000,6223.5000,-3840.0000
1,16.3002,511.00,-5859.0000,6186.0000,-3805.5000
1,16.3202,509.00,-5839.5000,6162.0000,-3783.0000
1,16.3402,505.00,-5781.0000,6141.0000,-3759.0000
1,16.3602,500.00,-5739.0000,6109.5000,-3744.0000
1,16.3802,499.00,-5712.0000,6079.5000,-3739.5000
1,16.4002,497.00,-5676.0000,6039.0000,-3732.0000
1,16.4202,496.00,-5581.5000,5982.0000,-3703.5000
1,16.4402,495.00,-5539.5000,5955.0000,-3681.0000
1,16.4602,495.00,-5488.5000,5923.5000,-3645.0000
1,16.4802,495.00,-5440.5000,5875.5000,-3603.0000
1,16.5002,495.00,-5422.5000,5866.5000,-3609.0000
1,16.5202,494.00,-5437.5000,5856.0000,-3624.0000
1,16.5402,495.00,-5442.0000,5842.5000,-3630.0000
1,16.5602,493.00,-5433.0000,5805.0000,-3577.5000
1,16.5802,491.00,-5383.5000,5778.0000,-3550.5000
1,16.6002,493.00,-5391.0000,5799.0000,-3559.5000
1,16.6202,493.00,-5383.5000,5781.0000,-3534.0000
1,16.6402,492.00,-5359.5000,5754.0000,-3523.5000
1,16.6602,491.00,-5305.5000,5727.0000,-3468.0000
1,16.6802,492.00,-5266.5000,5712.0000,-3424.5000
1,16.7002,491.00,-5272.5000,5700.0000,-3427.5000
1,16.7202,490.00,-5266.5000,5697.0000,-3439.5000
1,16.7402,491.00,-5268.0000,5703.0000,-3465.0000
1,16.7602,477.00,-5235.0000,5682.0000,-3456.0000
1,16.7802,473.00,-5217.0000,5664.0000,-3477.0000
1,16.8002,469.00,-5208.0000,5658.0000,-3511.5000
1,16.8202,465.00,-5184.0000,5638.5000,-3547.5000
1,16.8402,449.00,-5112.0000,5577.0000,-3655.5000
1,16.8602,433.00,-5077.5000,5532.0000,-3756.0000
1,16.8802,356.00,-5049.0000,5458.5000,-3903.0000
1,16.9002,228.00,-4947.0000,5121.0000,-4375.5000
1,16.9202,162.00,-4842.0000,4855.5000,-4662.0000
1,16.9402,88.00,-4692.0000,4575.0000,-4935.0000
1,16.9602,0.00,-4455.0000,4215.0000,-5215.5000
1,16.9802,0.00,-3790.5000,3124.5000,-5437.5000
1,17.0002,0.00,-3402.0000,2664.0000,-5544.0000
1,17.0202,0.00,-2977.5000,2307.0000,-5545.5000
1,17.0402,0.00,-2194.5000,1762.5000,-5251.5000
1,17.0602,0.00,-1879.5000,1548.0000,-5028.0000
1,17.0802,0.00,-1608.0000,1392.0000,-4785.0000
1,17.1002,0.00,-1372.5000,1255.5000,-4572.0000
1,17.1202,0.00,-1032.0000,976.5000,-4005.0000
1,17.1402,0.00,-907.5000,877.5000,-3750.0000
1,17.1602,0.00,-784.5000,798.0000,-3544.5000
1,17.1802,0.00,-592.5000,724.5000,-3325.5000
1,17.2002,0.00,-540.0000,715.5000,-3283.5000
1,17.2202,-1.00,-510.0000,705.0000,-3247.5000
1,17.2402,0.00,-486.0000,694.5000,-3220.5000
1,17.2602,0.00,-447.0000,672.0000,-3174.0000
1,17.2802,0.00,-438.0000,667.5000,-3157.5000
1,17.3002,0.00,-420.0000,663.0000,-3141.0000
1,17.3202,0.00,-400.5000,646.5000,-3112.5000
1,17.3402,0.00,-390.0000,643.5000,-3096.0000
1,17.3602,0.00,-381.0000,640.5000,-3085.5000
1,17.3802,0.00,-376.5000,640.5000,-3075.0000
1,17.4002,0.00,-363.0000,630.0000,-3052.5000
1,17.4202,0.00,-357.0000,624.0000,-3042.0000
1,17.4402,0.00,-355.5000,621.0000,-3031.5000
1,17.4602,1.00,-340.5000,618.0000,-3015.0000
1,17.4802,0.00,-345.0000,615.0000,-3007.5000
1,17.5002,0.00,-336.0000,610.5000,-2998.5000
1,17.5202,0.00,-330.0000,607.5000,-2991.0000
1,17.5402,0.00,-324.0000,604.5000,-2977.5000
1,17.5602,0.00,-322.5000,600.0000,-2971.5000
1,17.5802,0.00,-319.5000,598.5000,-2962.5000
1,17.6002,1.00,-313.5000,597.0000,-2955.0000
1,17.6202,0.00,-306.0000,589.5000,-2944.5000
1,17.6402,0.00,-304.5000,588.0000,-2938.5000
1,17.6602,0.00,-303.0000,586.5000,-2932.5000
1,17.6802,0.00,-294.0000,580.5000,-2923.5000
1,17.7002,0.00,-295.5000,580.5000,-2919.0000
1,17.7202,0.00,-291.0000,583.5000,-2913.0000
1,17.7402,0.00,-295.5000,579.0000,-2908.5000
1,17.7602,0.00,-280.5000,595.5000,-2902.5000
1,17.7802,0.00,-286.5000,577.5000,-2899.5000
1,17.8002,0.00,-280.5000,573.0000,-2899.5000
1,17.8202,0.00,-279.0000,576.0000,-2896.5000
1,17.8402,0.00,-279.0000,573.0000,-2893.5000
1,17.8602,0.00,-279.0000,570.0000,-2892.0000
1,17.8802,0.00,-277.5000,570.0000,-2892.0000
1,17.9002,0.00,-276.0000,570.0000,-2889.0000
1,17.9202,0.00,-271.5000,574.5000,-2884.5000
1,17.9402,0.00,-273.0000,568.5000,-2887.5000
1,17.9602,1.00,-262.5000,565.5000,-2889.0000
1,17.9802,0.00,-256.5000,561.0000,-2886.0000
1,18.0002,0.00,-258.0000,559.5000,-2881.5000
1,18.0202,0.00,-255.0000,564.0000,-2880.0000
1,18.0402,0.00,-258.0000,564.0000,-2875.5000
1,18.0602,0.00,-256.5000,558.0000,-2874.0000
1,18.0802,0.00,-258.0000,561.0000,-2871.0000
1,18.1002,1.00,-256.5000,559.5000,-2869.5000
1,18.1202,0.00,-250.5000,559.5000,-2868.0000
1,18.1402,0.00,-252.0000,556.5000,-2865.0000
1,18.1602,0.00,-249.0000,561.0000,-2862.0000
1,18.1802,0.00,-247.5000,561.0000,-2857.5000
1,18.2002,-1.00,-246.0000,555.0000,-2854.5000
1,18.2202,0.00,-244.5000,555.0000,-2854.5000
1,18.2402,-1.00,-240.0000,552.0000,-2853.0000
1,18.2602,0.00,-241.5000,552.0000,-2850.0000
1,18.2802,0.00,-244.5000,552.0000,-2848.5000
1,18.3002,0.00,-241.5000,552.0000,-2847.0000
1,18.3202,0.00,-238.5000,552.0000,-2844.0000
1,18.3402,0.00,-240.0000,549.0000,-2841.0000
1,18.3602,0.00,-238.5000,549.0000,-2841.0000
1,18.3802,0.00,-243.0000,549.0000,-2841.0000
1,18.4002,0.00,-237.0000,546.0000,-2836.5000
1,18.4202,0.00,-234.0000,549.0000,-2836.5000
1,18.4402,0.00,-235.5000,544.5000,-2833.5000
1,18.4602,0.00,-237.0000,547.5000,-2833.5000
1,18.4802,0.00,-235.5000,547.5000,-2832.0000
1,18.5002,0.00,-234.0000,541.5000,-2830.5000
1,18.5202,0.00,-235.5000,549.0000,-2829.0000
1,18.5402,0.00,-232.5000,546.0000,-2826.0000
1,18.5602,0.00,-229.5000,544.5000,-2824.5000
1,18.5802,0.00,-231.0000,541.5000,-2821.5000
1,18.6002,-1.00,-228.0000,543.0000,-2823.0000
1,18.6202,0.00,-232.5000,538.5000,-2820.0000
1,18.6402,0.00,-228.0000,549.0000,-2818.5000
1,18.6602,0.00,-225.0000,546.0000,-2820.0000
1,18.6802,0.00,-226.5000,540.0000,-2820.0000
1,18.7002,0.00,-223.5000,538.5000,-2817.0000
1,18.7202,0.00,-222.0000,540.0000,-2814.0000
1,18.7402,0.00,-229.5000,544.5000,-2814.0000
1,18.7602,0.00,-226.5000,540.0000,-2812.5000
1,18.7802,0.00,-225.0000,538.5000,-2811.0000
1,18.8002,0.00,-226.5000,535.5000,-2808.0000
1,18.8202,0.00,-223.5000,535.5000,-2806.5000
1,18.8402,0.00,-222.0000,538.5000,-2806.5000
1,18.8602,0.00,-220.5000,537.0000,-2806.5000
1,18.8802,0.00,-220.5000,537.0000,-2805.0000
1,18.9002,-1.00,-216.0000,538.5000,-2803.5000
1,18.9202,0.00,-226.5000,537.0000,-2802.0000
1,18.9402,0.00,-219.0000,535.5000,-2800.5000
1,18.9602,-1.00,-217.5000,534.0000,-2800.5000
1,18.9802,0.00,-217.5000,534.0000,-2799.0000
1,19.0002,0.00,-219.0000,531.0000,-2797.5000
1,19.0202,0.00,-219.0000,531.0000,-2796.0000
1,19.0402,0.00,-219.0000,537.0000,-2794.5000
1,19.0602,-1.00,-214.5000,537.0000,-2793.0000
1,19.0802,0.00,-219.0000,535.5000,-2793.0000
1,19.1002,1.00,-216.0000,532.5000,-2793.0000
1,19.1202,0.00,-217.5000,535.5000,-2791.5000
1,19.1402,0.00,-214.5000,535.5000,-2793.0000
1,19.1602,0.00,-216.0000,529.5000,-2788.5000
1,19.1802,0.00,-216.0000,531.0000,-2790.0000
1,19.2002,0.00,-211.5000,532.5000,-2787.0000
1,19.2202,0.00,-214.5000,532.5000,-2785.5000
1,19.2402,0.00,-213.0000,534.0000,-2784.0000
1,19.2602,0.00,-208.5000,532.5000,-2785.5000
1,19.2803,0.00,-216.0000,535.5000,-2785.5000
1,19.3003,0.00,-210.0000,531.0000,-2785.5000
1,19.3203,-1.00,-211.5000,529.5000,-2784.0000
1,19.3403,-2.00,-208.5000,531.0000,-2782.5000
1,19.3603,0.00,-216.0000,532.5000,-2779.5000
1,19.3803,0.00,-208.5000,525.0000,-2779.5000
1,19.4003,0.00,-210.0000,534.0000,-2779.5000
1,19.4203,0.00,-210.0000,529.5000,-2779.5000
1,19.4403,0.00,-210.0000,528.0000,-2776.5000
1,19.4603,1.00,-205.5000,531.0000,-2778.0000
1,19.4803,0.00,-205.5000,528.0000,-2778.0000
1,19.5003,0.00,-201.0000,525.0000,-2773.5000
1,19.5203,0.00,-190.5000,520.5000,-2770.5000
1,19.5403,0.00,-151.5000,525.0000,-2772.0000
1,19.5603,0.00,-124.5000,525.0000,-2778.0000
1,19.5803,0.00,-100.5000,528.0000,-2776.5000
1,19.6003,0.00,-96.0000,528.0000,-2775.0000
1,19.6203,0.00,-114.0000,532.5000,-2766.0000
1,19.6403,0.00,-121.5000,532.5000,-2760.0000
1,19.6603,0.00,-135.0000,531.0000,-2755.5000
1,19.6803,0.00,-142.5000,522.0000,-2751.0000
1,19.7003,0.00,-153.0000,519.0000,-2748.0000
1,19.7203,0.00,-156.0000,525.0000,-2745.0000
1,19.7403,0.00,-157.5000,532.5000,-2742.0000
1,19.7603,0.00,-178.5000,532.5000,-2734.5000
1,19.7803,0.00,-178.5000,531.0000,-2730.0000
1,19.8003,1.00,-181.5000,529.5000,-2728.5000
1,19.8203,0.00,-180.0000,537.0000,-2719.5000
1,19.8403,0.00,-177.0000,543.0000,-2716.5000
1,19.8603,0.00,-169.5000,547.5000,-2713.5000
1,19.8803,0.00,-171.0000,547.5000,-2709.0000
1,19.9003,0.00,-166.5000,558.0000,-2704.5000
1,19.9203,0.00,-162.0000,555.0000,-2706.0000
1,19.9403,0.00,-153.0000,547.5000,-2704.5000
1,19.9603,1.00,-153.0000,550.5000,-2701.5000
1,19.9803,0.00,-141.0000,537.0000,-2701.5000
1,20.0003,0.00,-151.5000,525.0000,-2698.5000
1,20.0203,0.00,-153.0000,519.0000,-2697.0000
1,20.0403,0.00,-166.5000,510.0000,-2688.0000
1,20.0603,-1.00,-183.0000,511.5000,-2688.0000
1,20.0803,0.00,-183.0000,507.0000,-2686.5000
1,20.1003,0.00,-190.5000,507.0000,-2688.0000
1,20.1203,0.00,-193.5000,508.5000,-2688.0000
1,20.1403,0.00,-193.5000,508.5000,-2686.5000
1,20.1603,0.00,-189.0000,501.0000,-2686.5000
1,20.1803,0.00,-175.5000,487.5000,-2685.0000
1,20.2003,-1.00,-169.5000,484.5000,-2685.0000
1,20.2203,0.00,-162.0000,478.5000,-2685.0000
1,20.2403,0.00,-153.0000,472.5000,-2683.5000
1,20.2603,0.00,-136.5000,453.0000,-2680.5000
1,20.2803,0.00,-136.5000,457.5000,-2679.0000
1,20.3003,0.00,-133.5000,451.5000,-2679.0000
1,20.3203,0.00,-118.5000,436.5000,-2685.0000
1,20.3403,0.00,-114.0000,435.0000,-2685.0000
1,20.3603,0.00,-115.5000,430.5000,-2686.5000
1,20.3803,0.00,-112.5000,430.5000,-2683.5000
1,20.4003,0.00,-109.5000,423.0000,-2683.5000
1,20.4203,0.00,-108.0000,421.5000,-2685.0000
1,20.4403,0.00,-103.5000,414.0000,-2683.5000
1,20.4603,2.00,-103.5000,418.5000,-2680.5000
1,20.4803,-1.00,-102.0000,400.5000,-2686.5000
1,20.5003,0.00,-100.5000,399.0000,-2688.0000
1,20.5203,0.00,-102.0000,390.0000,-2688.0000
1,20.5403,0.00,-94.5000,378.0000,-2692.5000
1,20.5603,0.00,-88.5000,375.0000,-2691.0000
1,20.5803,0.00,-94.5000,369.0000,-2689.5000
1,20.6003,0.00,-105.0000,364.5000,-2682.0000
1,20.6203,0.00,-115.5000,355.5000,-2682.0000
1,20.6403,0.00,-120.0000,345.0000,-2679.0000
1,20.6603,0.00,-126.0000,336.0000,-2679.0000
1,20.6803,0.00,-138.0000,331.5000,-2673.0000
1,20.7003,0.00,-141.0000,337.5000,-2670.0000
1,20.7203,0.00,-138.0000,340.5000,-2671.5000
1,20.7403,0.00,-135.0000,348.0000,-2673.0000
1,20.7603,0.00,-121.5000,366.0000,-2685.0000
1,20.7803,0.00,-118.5000,384.0000,-2686.5000
1,20.8003,0.00,-115.5000,394.5000,-2689.5000
1,20.8203,-1.00,-118.5000,411.0000,-2688.0000
1,20.8403,0.00,-108.0000,417.0000,-2689.5000
1,20.8603,0.00,-100.5000,430.5000,-2691.0000
1,20.8803,0.00,-96.0000,448.5000,-2697.0000
1,20.9003,0.00,-76.5000,471.0000,-2703.0000
1,20.9203,0.00,-78.0000,483.0000,-2700.0000
1,20.9403,0.00,-75.0000,486.0000,-2697.0000
1,20.9603,0.00,-67.5000,499.5000,-2697.0000
1,20.9803,0.00,-69.0000,511.5000,-2689.5000
1,21.0003,0.00,-70.5000,510.0000,-2683.5000
1,21.0203,0.00,-72.0000,517.5000,-2679.0000
1,21.0403,0.00,-90.0000,520.5000,-2668.5000
1,21.0603,0.00,-94.5000,526.5000,-2670.0000
1,21.0803,0.00,-90.0000,531.0000,-2670.0000
1,21.1003,0.00,-85.5000,544.5000,-2665.5000
1,21.1203,0.00,-100.5000,555.0000,-2655.0000
1,21.1403,0.00,-108.0000,559.5000,-2650.5000
1,21.1603,0.00,-111.0000,561.0000,-2646.0000
1,21.1803,0.00,-118.5000,555.0000,-2640.0000
1,21.2003,0.00,-141.0000,538.5000,-2644.5000
1,21.2203,0.00,-156.0000,526.5000,-2647.5000
1,21.2403,0.00,-154.5000,510.0000,-2658.0000
1,21.2603,0.00,-168.0000,492.0000,-2665.5000
1,21.2803,0.00,-169.5000,492.0000,-2665.5000
1,21.3003,0.00,-174.0000,478.5000,-2673.0000
1,21.3203,0.00,-177.0000,468.0000,-2677.5000
1,21.3403,0.00,-171.0000,438.0000,-2704.5000
1,21.3603,0.00,-181.5000,427.5000,-2709.0000
1,21.3803,0.00,-190.5000,427.5000,-2707.5000
1,21.4003,0.00,-193.5000,415.5000,-2712.0000
1,21.4203,0.00,-190.5000,420.0000,-2712.0000
1,21.4403,0.00,-186.0000,411.0000,-2718.0000
1,21.4603,0.00,-171.0000,405.0000,-2725.5000
1,21.4803,0.00,-148.5000,393.0000,-2742.0000
1,21.5003,0.00,-138.0000,391.5000,-2748.0000
1,21.5203,0.00,-133.5000,390.0000,-2752.5000
1,21.5403,0.00,-147.0000,391.5000,-2752.5000
1,21.5603,0.00,-145.5000,385.5000,-2755.5000
1,21.5803,0.00,-142.5000,384.0000,-2761.5000
1,21.6003,0.00,-147.0000,382.5000,-2763.0000
1,21.6203,0.00,-169.5000,375.0000,-2760.0000
1,21.6403,0.00,-175.5000,372.0000,-2755.5000
1,21.6603,0.00,-186.0000,376.5000,-2754.0000
1,21.6803,0.00,-207.0000,382.5000,-2742.0000
1,21.7003,0.00,-238.5000,396.0000,-2721.0000
1,21.7203,0.00,-243.0000,397.5000,-2709.0000
1,21.7403,0.00,-223.5000,421.5000,-2707.5000
1,21.7603,0.00,-217.5000,436.5000,-2697.0000
1,21.7803,0.00,-217.5000,433.5000,-2688.0000
1,21.8003,0.00,-217.5000,435.0000,-2674.5000
1,21.8203,0.00,-214.5000,439.5000,-2676.0000
1,21.8403,0.00,-214.5000,450.0000,-2677.5000
1,21.8603,0.00,-211.5000,453.0000,-2676.0000
1,21.8803,0.00,-213.0000,451.5000,-2676.0000
1,21.9003,0.00,-208.5000,450.0000,-2673.0000
1,21.9203,0.00,-214.5000,450.0000,-2670.0000
1,21.9403,0.00,-210.0000,448.5000,-2674.5000
1,21.9603,0.00,-208.5000,448.5000,-2673.0000
1,21.9803,0.00,-213.0000,453.0000,-2673.0000
1,22.0003,0.00,-217.5000,456.0000,-2671.5000
1,22.0203,0.00,-214.5000,454.5000,-2670.0000
1,22.0403,0.00,-214.5000,457.5000,-2671.5000
1,22.0603,0.00,-214.5000,454.5000,-2671.5000
1,22.0803,0.00,-214.5000,456.0000,-2670.0000
1,22.1003,0.00,-213.0000,460.5000,-2670.0000
1,22.1203,1.00,-214.5000,457.5000,-2670.0000
1,22.1403,0.00,-213.0000,453.0000,-2670.0000
1,22.1603,0.00,-217.5000,460.5000,-2670.0000
1,22.1803,1.00,-214.5000,454.5000,-2668.5000
1,22.2003,0.00,-216.0000,454.5000,-2668.5000
1,22.2203,0.00,-211.5000,462.0000,-2668.5000
1,22.2403,0.00,-213.0000,459.0000,-2668.5000
1,22.2603,0.00,-204.0000,457.5000,-2668.5000
1,22.2803,-1.00,-208.5000,456.0000,-2667.0000
1,22.3003,0.00,-213.0000,453.0000,-2668.5000
1,22.3203,0.00,-211.5000,459.0000,-2668.5000
1,22.3403,0.00,-214.5000,454.5000,-2674.5000
1,22.3603,0.00,-219.0000,454.5000,-2671.5000
1,22.3803,0.00,-214.5000,450.0000,-2671.5000
1,22.4003,0.00,-213.0000,453.0000,-2676.0000
1,22.4203,0.00,-214.5000,448.5000,-2676.0000
1,22.4403,0.00,-211.5000,447.0000,-2674.5000
1,22.4603,0.00,-208.5000,445.5000,-2674.5000
1,22.4803,0.00,-213.0000,448.5000,-2676.0000
1,22.5003,0.00,-208.5000,448.5000,-2674.5000
1,22.5203,0.00,-211.5000,447.0000,-2674.5000
1,22.5403,0.00,-210.0000,444.0000,-2676.0000
1,22.5603,0.00,-211.5000,444.0000,-2674.5000
1,22.5803,0.00,-211.5000,448.5000,-2676.0000
1,22.6003,1.00,-210.0000,447.0000,-2674.5000
1,22.6203,0.00,-208.5000,447.0000,-2671.5000
1,22.6403,0.00,-214.5000,456.0000,-2667.0000
1,22.6603,0.00,-208.5000,463.5000,-2659.5000
1,22.6803,-1.00,-210.0000,469.5000,-2655.0000
1,22.7003,0.00,-208.5000,466.5000,-2650.5000
1,22.7203,0.00,-208.5000,463.5000,-2647.5000
1,22.7403,0.00,-216.0000,465.0000,-2647.5000
1,22.7603,0.00,-208.5000,457.5000,-2653.5000
1,22.7803,0.00,-210.0000,447.0000,-2658.0000
1,22.8003,0.00,-204.0000,441.0000,-2659.5000
1,22.8203,-1.00,-207.0000,442.5000,-2661.0000
1,22.8403,0.00,-196.5000,435.0000,-2667.0000
1,22.8603,0.00,-190.5000,430.5000,-2670.0000
1,22.8803,0.00,-183.0000,427.5000,-2671.5000
1,22.9003,0.00,-174.0000,426.0000,-2676.0000
1,22.9203,-1.00,-171.0000,423.0000,-2682.0000
1,22.9403,0.00,-166.5000,421.5000,-2685.0000
1,22.9603,0.00,-153.0000,426.0000,-2689.5000
1,22.9803,0.00,-141.0000,414.0000,-2700.0000
1,23.0003,0.00,-129.0000,415.5000,-2704.5000
1,23.0203,0.00,-126.0000,415.5000,-2707.5000
1,23.0403,0.00,-117.0000,417.0000,-2710.5000
1,23.0603,0.00,-115.5000,417.0000,-2710.5000
1,23.0803,0.00,-109.5000,417.0000,-2712.0000
1,23.1003,0.00,-109.5000,424.5000,-2710.5000
1,23.1203,0.00,-100.5000,426.0000,-2707.5000
1,23.1403,0.00,-99.0000,426.0000,-2706.0000
1,23.1603,0.00,-105.0000,427.5000,-2701.5000
1,23.1803,0.00,-111.0000,432.0000,-2695.5000
1,23.2003,0.00,-124.5000,429.0000,-2689.5000
1,23.2203,0.00,-124.5000,430.5000,-2685.0000
1,23.2403,0.00,-130.5000,424.5000,-2682.0000
1,23.2603,0.00,-139.5000,421.5000,-2677.5000
1,23.2803,0.00,-142.5000,426.0000,-2676.0000
1,23.3003,0.00,-144.0000,424.5000,-2674.5000
1,23.3203,-1.00,-148.5000,421.5000,-2673.0000
1,23.3403,0.00,-150.0000,421.5000,-2671.5000
1,23.3603,0.00,-153.0000,417.0000,-2670.0000
1,23.3803,0.00,-150.0000,423.0000,-2668.5000
1,23.4003,0.00,-150.0000,415.5000,-2667.0000
1,23.4203,0.00,-159.0000,418.5000,-2665.5000
1,23.4403,0.00,-151.5000,417.0000,-2665.5000
1,23.4603,0.00,-160.5000,415.5000,-2662.5000
1,23.4803,0.00,-162.0000,418.5000,-2664.0000
1,23.5003,0.00,-159.0000,417.0000,-2661.0000
1,23.5203,0.00,-162.0000,418.5000,-2662.5000
1,23.5403,1.00,-160.5000,418.5000,-2659.5000
1,23.5603,0.00,-163.5000,420.0000,-2659.5000
1,23.5803,0.00,-166.5000,421.5000,-2659.5000
1,23.6003,0.00,-162.0000,418.5000,-2661.0000
1,23.6203,0.00,-160.5000,415.5000,-2656.5000
1,23.6403,0.00,-165.0000,417.0000,-2656.5000
1,23.6604,0.00,-168.0000,427.5000,-2655.0000
1,23.6804,-1.00,-168.0000,424.5000,-2655.0000
1,23.7004,1.00,-169.5000,429.0000,-2655.0000
1,23.7204,0.00,-174.0000,426.0000,-2653.5000
1,23.7404,0.00,-171.0000,430.5000,-2653.5000
1,23.7604,0.00,-175.5000,429.0000,-2653.5000
1,23.7804,0.00,-175.5000,430.5000,-2652.0000
1,23.8004,0.00,-172.5000,432.0000,-2650.5000
1,23.8204,0.00,-174.0000,433.5000,-2647.5000
1,23.8404,0.00,-178.5000,433.5000,-2649.0000
1,23.8604,0.00,-180.0000,438.0000,-2649.0000
1,23.8804,0.00,-178.5000,436.5000,-2647.5000
1,23.9004,0.00,-183.0000,441.0000,-2646.0000
1,23.9204,0.00,-178.5000,441.0000,-2644.5000
1,23.9404,0.00,-181.5000,442.5000,-2643.0000
1,23.9604,0.00,-181.5000,445.5000,-2641.5000
1,23.9804,0.00,-184.5000,447.0000,-2644.5000
1,24.0004,0.00,-184.5000,451.5000,-2644.5000
1,24.0204,0.00,-181.5000,447.0000,-2641.5000
1,24.0404,0.00,-178.5000,457.5000,-2641.5000
1,24.0604,0.00,-184.5000,451.5000,-2641.5000
1,24.0804,0.00,-178.5000,457.5000,-2643.0000
1,24.1004,0.00,-184.5000,460.5000,-2641.5000
1,24.1204,0.00,-181.5000,459.0000,-2638.5000
1,24.1404,0.00,-178.5000,457.5000,-2640.0000
1,24.1604,0.00,-178.5000,460.5000,-2638.5000
1,24.1804,0.00,-177.0000,454.5000,-2637.0000
1,24.2004,0.00,-178.5000,457.5000,-2635.5000
1,24.2204,0.00,-181.5000,456.0000,-2637.0000
1,24.2404,0.00,-178.5000,450.0000,-2637.0000
1,24.2604,0.00,-177.0000,438.0000,-2643.0000
1,24.2804,0.00,-178.5000,435.0000,-2643.0000
1,24.3004,0.00,-172.5000,436.5000,-2646.0000
1,24.3204,0.00,-172.5000,436.5000,-2644.5000
1,24.3404,0.00,-174.0000,429.0000,-2647.5000
1,24.3604,0.00,-178.5000,429.0000,-2646.0000
1,24.3804,0.00,-171.0000,430.5000,-2646.0000
1,24.4004,0.00,-177.0000,427.5000,-2646.0000
1,24.4204,0.00,-174.0000,426.0000,-2646.0000
1,24.4404,0.00,-171.0000,427.5000,-2647.5000
1,24.4604,0.00,-175.5000,421.5000,-2646.0000
1,24.4804,0.00,-174.0000,423.0000,-2646.0000
1,24.5004,0.00,-177.0000,421.5000,-2646.0000
1,24.5204,0.00,-174.0000,423.0000,-2647.5000
1,24.5404,0.00,-174.0000,421.5000,-2644.5000
1,24.5604,0.00,-177.0000,426.0000,-2644.5000
1,24.5804,-1.00,-175.5000,420.0000,-2646.0000
1,24.6004,0.00,-178.5000,426.0000,-2644.5000
1,24.6204,0.00,-178.5000,427.5000,-2646.0000
1,24.6404,0.00,-174.0000,426.0000,-2644.5000
1,24.6604,0.00,-177.0000,426.0000,-2644.5000
1,24.6804,1.00,-177.0000,426.0000,-2644.5000
1,24.7004,0.00,-175.5000,426.0000,-2644.5000
1,24.7204,0.00,-177.0000,427.5000,-2644.5000
1,24.7404,0.00,-175.5000,429.0000,-2643.0000
1,24.7604,0.00,-175.5000,424.5000,-2643.0000
1,24.7804,0.00,-175.5000,424.5000,-2644.5000
1,24.8004,0.00,-175.5000,423.0000,-2641.5000
1,24.8204,0.00,-178.5000,421.5000,-2646.0000
1,24.8404,0.00,-174.0000,420.0000,-2644.5000
1,24.8604,0.00,-174.0000,418.5000,-2643.0000
1,24.8804,0.00,-178.5000,420.0000,-2646.0000
1,24.9004,0.00,-178.5000,418.5000,-2644.5000
1,24.9204,-1.00,-171.0000,417.0000,-2644.5000
1,24.9404,0.00,-177.0000,415.5000,-2643.0000
1,24.9604,0.00,-177.0000,420.0000,-2646.0000
1,24.9804,0.00,-175.5000,411.0000,-2646.0000
1,25.0004,0.00,-175.5000,411.0000,-2647.5000
1,25.0204,0.00,-172.5000,414.0000,-2646.0000
1,25.0404,0.00,-175.5000,408.0000,-2647.5000
1,25.0604,0.00,-172.5000,408.0000,-2649.0000
1,25.0804,0.00,-174.0000,414.0000,-2649.0000
1,25.1004,0.00,-174.0000,411.0000,-2652.0000
1,25.1204,0.00,-171.0000,408.0000,-2655.0000
1,25.1404,0.00,-171.0000,397.5000,-2653.5000
1,25.1604,0.00,-169.5000,400.5000,-2655.0000
1,25.1804,2.00,-169.5000,396.0000,-2656.5000
1,25.2004,0.00,-166.5000,397.5000,-2656.5000
1,25.2204,0.00,-165.0000,397.5000,-2655.0000
1,25.2404,0.00,-160.5000,393.0000,-2658.0000
1,25.2604,0.00,-163.5000,396.0000,-2656.5000
1,25.2804,0.00,-165.0000,403.5000,-2656.5000
1,25.3004,0.00,-168.0000,400.5000,-2656.5000
1,25.3204,0.00,-163.5000,409.5000,-2655.0000
1,25.3404,-1.00,-162.0000,411.0000,-2653.5000
1,25.3604,0.00,-169.5000,415.5000,-2652.0000
1,25.3804,-1.00,-166.5000,411.0000,-2652.0000
1,25.4004,0.00,-168.0000,414.0000,-2650.5000
1,25.4204,0.00,-169.5000,417.0000,-2652.0000
1,25.4404,0.00,-165.0000,415.5000,-2650.5000
1,25.4604,0.00,-169.5000,415.5000,-2650.5000
1,25.4804,0.00,-171.0000,418.5000,-2652.0000
1,25.5004,0.00,-172.5000,415.5000,-2653.5000
1,25.5204,0.00,-171.0000,414.0000,-2653.5000
1,25.5404,0.00,-169.5000,408.0000,-2653.5000
1,25.5604,0.00,-174.0000,414.0000,-2653.5000
1,25.5804,0.00,-171.0000,406.5000,-2655.0000
1,25.6004,-1.00,-169.5000,402.0000,-2656.5000
1,25.6204,0.00,-169.5000,399.0000,-2662.5000
1,25.6404,0.00,-171.0000,397.5000,-2659.5000
1,25.6604,0.00,-177.0000,400.5000,-2662.5000
1,25.6804,-2.00,-175.5000,394.5000,-2662.5000
1,25.7004,-1.00,-169.5000,394.5000,-2665.5000
1,25.7204,0.00,-165.0000,390.0000,-2665.5000
1,25.7404,0.00,-166.5000,391.5000,-2662.5000
1,25.7604,0.00,-169.5000,397.5000,-2664.0000
1,25.7804,0.00,-169.5000,391.5000,-2661.0000
1,25.8004,0.00,-166.5000,394.5000,-2661.0000
1,25.8204,0.00,-163.5000,399.0000,-2661.0000
1,25.8404,0.00,-166.5000,396.0000,-2659.5000
1,25.8604,0.00,-165.0000,399.0000,-2662.5000
1,25.8804,0.00,-169.5000,402.0000,-2661.0000
1,25.9004,0.00,-163.5000,399.0000,-2658.0000
1,25.9204,0.00,-171.0000,400.5000,-2658.0000
1,25.9404,0.00,-165.0000,403.5000,-2656.5000
1,25.9604,0.00,-168.0000,405.0000,-2656.5000
1,25.9804,0.00,-174.0000,408.0000,-2655.0000
1,26.0004,0.00,-171.0000,406.5000,-2653.5000
1,26.0204,0.00,-171.0000,405.0000,-2653.5000
1,26.0404,0.00,-172.5000,409.5000,-2653.5000
1,26.0604,0.00,-169.5000,406.5000,-2653.5000
1,26.0804,0.00,-172.5000,405.0000,-2652.0000
1,26.1004,0.00,-171.0000,405.0000,-2653.5000
1,26.1204,0.00,-174.0000,409.5000,-2650.5000
1,26.1404,0.00,-175.5000,409.5000,-2652.0000
1,26.1604,0.00,-172.5000,406.5000,-2650.5000
1,26.1804,2.00,-174.0000,409.5000,-2650.5000
1,26.2004,0.00,-166.5000,412.5000,-2647.5000
1,26.2204,0.00,-171.0000,415.5000,-2646.0000
1,26.2404,0.00,-172.5000,409.5000,-2644.5000
1,26.2604,0.00,-169.5000,415.5000,-2643.0000
1,26.2804,-1.00,-171.0000,411.0000,-2641.5000
1,26.3004,0.00,-174.0000,415.5000,-2640.0000
1,26.3204,0.00,-168.0000,412.5000,-2640.0000
1,26.3404,0.00,-166.5000,412.5000,-2638.5000
1,26.3604,0.00,-171.0000,414.0000,-2640.0000
1,26.3804,0.00,-166.5000,415.5000,-2640.0000
1,26.4004,0.00,-169.5000,412.5000,-2638.5000
1,26.4204,0.00,-166.5000,418.5000,-2635.5000
1,26.4404,0.00,-168.0000,415.5000,-2635.5000
1,26.4604,0.00,-168.0000,418.5000,-2637.0000
1,26.4804,0.00,-171.0000,418.5000,-2634.0000
1,26.5004,0.00,-172.5000,418.5000,-2634.0000
1,26.5204,0.00,-172.5000,417.0000,-2635.5000
1,26.5404,0.00,-169.5000,421.5000,-2634.0000
1,26.5604,0.00,-168.0000,420.0000,-2634.0000
1,26.5804,0.00,-172.5000,421.5000,-2634.0000
1,26.6004,-1.00,-166.5000,420.0000,-2634.0000
1,26.6204,0.00,-162.0000,426.0000,-2634.0000
1,26.6404,0.00,-163.5000,423.0000,-2635.5000
1,26.6604,0.00,-163.5000,424.5000,-2635.5000
1,26.6804,0.00,-163.5000,421.5000,-2635.5000
1,26.7004,0.00,-163.5000,426.0000,-2634.0000
1,26.7204,0.00,-159.0000,426.0000,-2635.5000
1,26.7404,0.00,-165.0000,421.5000,-2634.0000
1,26.7604,0.00,-168.0000,426.0000,-2634.0000
1,26.7804,0.00,-165.0000,420.0000,-2631.0000
1,26.8004,0.00,-165.0000,421.5000,-2634.0000
1,26.8204,0.00,-171.0000,426.0000,-2632.5000
1,26.8404,0.00,-166.5000,436.5000,-2628.0000
1,26.8604,0.00,-169.5000,436.5000,-2629.5000
1,26.8804,0.00,-165.0000,435.0000,-2629.5000
1,26.9004,0.00,-163.5000,435.0000,-2635.5000
1,26.9204,-1.00,-165.0000,436.5000,-2637.0000
1,26.9404,0.00,-166.5000,430.5000,-2638.5000
1,26.9604,0.00,-171.0000,432.0000,-2638.5000
1,26.9804,-1.00,-165.0000,438.0000,-2632.5000
1,27.0004,0.00,-159.0000,447.0000,-2628.0000
1,27.0204,0.00,-153.0000,448.5000,-2625.0000
1,27.0404,-1.00,-139.5000,453.0000,-2626.5000
1,27.0604,0.00,-124.5000,460.5000,-2625.0000
1,27.0804,0.00,-121.5000,460.5000,-2623.5000
1,27.1004,0.00,-117.0000,463.5000,-2626.5000
1,27.1204,0.00,-102.0000,466.5000,-2626.5000
1,27.1404,0.00,-97.5000,474.0000,-2628.0000
1,27.1604,0.00,-87.0000,474.0000,-2632.5000
1,27.1804,-1.00,-78.0000,469.5000,-2634.0000
1,27.2004,0.00,-61.5000,478.5000,-2635.5000
1,27.2204,0.00,-54.0000,474.0000,-2638.5000
1,27.2404,0.00,-42.0000,471.0000,-2638.5000
1,27.2604,0.00,-34.5000,460.5000,-2641.5000
1,27.2804,0.00,-28.5000,460.5000,-2641.5000
1,27.3004,0.00,-24.0000,460.5000,-2637.0000
1,27.3204,0.00,-27.0000,453.0000,-2635.5000
1,27.3404,0.00,-28.5000,448.5000,-2631.0000
1,27.3604,0.00,-30.0000,447.0000,-2631.0000
1,27.3804,0.00,-28.5000,453.0000,-2629.5000
1,27.4004,1.00,-36.0000,450.0000,-2625.0000
1,27.4204,0.00,-58.5000,444.0000,-2623.5000
1,27.4404,0.00,-60.0000,439.5000,-2625.0000
1,27.4604,0.00,-58.5000,442.5000,-2623.5000
1,27.4804,0.00,-60.0000,448.5000,-2622.0000
1,27.5004,0.00,-54.0000,451.5000,-2619.0000
1,27.5204,0.00,-60.0000,450.0000,-2616.0000
1,27.5404,0.00,-67.5000,463.5000,-2611.5000
1,27.5604,0.00,-75.0000,471.0000,-2604.0000
1,27.5804,0.00,-91.5000,469.5000,-2604.0000
1,27.6004,0.00,-94.5000,472.5000,-2602.5000
1,27.6204,0.00,-120.0000,466.5000,-2607.0000
1,27.6404,0.00,-133.5000,462.0000,-2611.5000
1,27.6604,0.00,-136.5000,459.0000,-2613.0000
1,27.6804,0.00,-154.5000,462.0000,-2616.0000
1,27.7004,0.00,-156.0000,457.5000,-2623.5000
1,27.7204,0.00,-157.5000,453.0000,-2628.0000
1,27.7404,0.00,-154.5000,450.0000,-2634.0000
1,27.7604,0.00,-163.5000,451.5000,-2635.5000
1,27.7804,0.00,-163.5000,459.0000,-2625.0000
1,27.8004,0.00,-157.5000,471.0000,-2623.5000
1,27.8204,0.00,-153.0000,469.5000,-2619.0000
1,27.8404,0.00,-124.5000,462.0000,-2611.5000
1,27.8604,0.00,-124.5000,459.0000,-2613.0000
1,27.8804,0.00,-120.0000,454.5000,-2611.5000
1,27.9004,0.00,-115.5000,447.0000,-2613.0000
1,27.9204,0.00,-118.5000,450.0000,-2611.5000
1,27.9404,0.00,-118.5000,457.5000,-2613.0000
1,27.9604,0.00,-120.0000,457.5000,-2613.0000
1,27.9804,0.00,-121.5000,460.5000,-2613.0000
1,28.0004,0.00,-117.0000,456.0000,-2614.5000
1,28.0205,0.00,-120.0000,457.5000,-2614.5000
1,28.0405,0.00,-120.0000,457.5000,-2613.0000
1,28.0605,0.00,-117.0000,457.5000,-2613.0000
1,28.0805,0.00,-120.0000,453.0000,-2614.5000
1,28.1005,0.00,-121.5000,459.0000,-2614.5000
1,28.1205,0.00,-123.0000,456.0000,-2611.5000
1,28.1405,0.00,-121.5000,459.0000,-2613.0000
1,28.1605,0.00,-121.5000,462.0000,-2614.5000
1,28.1805,0.00,-121.5000,457.5000,-2613.0000
1,28.2005,0.00,-121.5000,460.5000,-2614.5000
1,28.2205,-1.00,-120.0000,454.5000,-2614.5000
1,28.2405,0.00,-118.5000,460.5000,-2613.0000
1,28.2605,0.00,-129.0000,460.5000,-2610.0000
1,28.2805,0.00,-126.0000,457.5000,-2610.0000
1,28.3005,0.00,-126.0000,463.5000,-2608.5000
1,28.3205,0.00,-121.5000,462.0000,-2608.5000
1,28.3405,0.00,-126.0000,465.0000,-2610.0000
1,28.3605,0.00,-124.5000,462.0000,-2607.0000
1,28.3805,0.00,-124.5000,460.5000,-2608.5000
1,28.4005,0.00,-126.0000,459.0000,-2608.5000
1,28.4205,0.00,-126.0000,456.0000,-2607.0000
1,28.4405,0.00,-126.0000,462.0000,-2608.5000
1,28.4605,0.00,-129.0000,463.5000,-2608.5000
1,28.4805,0.00,-124.5000,457.5000,-2608.5000
1,28.5005,0.00,-127.5000,463.5000,-2607.0000
1,28.5205,0.00,-121.5000,460.5000,-2608.5000
1,28.5405,0.00,-126.0000,457.5000,-2608.5000
1,28.5605,0.00,-123.0000,457.5000,-2605.5000
1,28.5805,0.00,-123.0000,460.5000,-2608.5000
1,28.6005,0.00,-123.0000,465.0000,-2607.0000
1,28.6205,0.00,-126.0000,459.0000,-2608.5000
1,28.6405,0.00,-124.5000,459.0000,-2607.0000
1,28.6605,0.00,-124.5000,457.5000,-2605.5000
1,28.6805,0.00,-127.5000,456.0000,-2608.5000
1,28.7005,0.00,-123.0000,460.5000,-2607.0000
1,28.7205,-1.00,-127.5000,454.5000,-2608.5000
1,28.7405,0.00,-121.5000,457.5000,-2605.5000
1,28.7605,-1.00,-121.5000,456.0000,-2607.0000
1,28.7805,0.00,-121.5000,459.0000,-2607.0000
1,28.8005,0.00,-124.5000,451.5000,-2607.0000
1,28.8205,0.00,-123.0000,457.5000,-2608.5000
1,28.8405,0.00,-123.0000,454.5000,-2605.5000
1,28.8605,0.00,-120.0000,454.5000,-2607.0000
1,28.8805,0.00,-123.0000,457.5000,-2607.0000
1,28.9005,0.00,-121.5000,457.5000,-2608.5000
1,28.9205,0.00,-120.0000,453.0000,-2608.5000
1,28.9405,0.00,-123.0000,453.0000,-2608.5000
1,28.9605,0.00,-121.5000,454.5000,-2608.5000
1,28.9805,0.00,-120.0000,454.5000,-2608.5000
1,29.0005,0.00,-118.5000,459.0000,-2608.5000
1,29.0205,0.00,-120.0000,459.0000,-2607.0000
1,29.0405,0.00,-124.5000,454.5000,-2608.5000
1,29.0605,0.00,-115.5000,457.5000,-2607.0000
1,29.0805,0.00,-121.5000,457.5000,-2608.5000
1,29.1005,0.00,-120.0000,463.5000,-2607.0000
1,29.1205,0.00,-124.5000,462.0000,-2605.5000
1,29.1405,0.00,-129.0000,463.5000,-2605.5000
1,29.1605,0.00,-129.0000,468.0000,-2602.5000
1,29.1805,0.00,-136.5000,471.0000,-2605.5000
1,29.2005,0.00,-142.5000,469.5000,-2604.0000
1,29.2205,0.00,-139.5000,478.5000,-2602.5000
1,29.2405,-1.00,-136.5000,471.0000,-2605.5000
1,29.2605,-1.00,-138.0000,474.0000,-2602.5000
1,29.2805,0.00,-144.0000,471.0000,-2602.5000
1,29.3005,0.00,-141.0000,471.0000,-2604.0000
1,29.3205,0.00,-142.5000,477.0000,-2604.0000
1,29.3405,0.00,-144.0000,471.0000,-2601.0000
1,29.3605,0.00,-139.5000,472.5000,-2605.5000
1,29.3805,0.00,-141.0000,477.0000,-2602.5000
1,29.4005,0.00,-139.5000,474.0000,-2602.5000
1,29.4205,0.00,-142.5000,469.5000,-2602.5000
1,29.4405,0.00,-141.0000,475.5000,-2602.5000
1,29.4605,0.00,-136.5000,472.5000,-2602.5000
1,29.4805,0.00,-138.0000,474.0000,-2602.5000
1,29.5005,0.00,-142.5000,472.5000,-2601.0000
1,29.5205,0.00,-144.0000,471.0000,-2604.0000
1,29.5405,0.00,-142.5000,469.5000,-2602.5000
1,29.5605,0.00,-141.0000,474.0000,-2602.5000
1,29.5805,0.00,-144.0000,477.0000,-2602.5000
1,29.6005,0.00,-141.0000,472.5000,-2601.0000
1,29.6205,0.00,-144.0000,475.5000,-2602.5000
1,29.6405,0.00,-147.0000,477.0000,-2602.5000
1,29.6605,0.00,-138.0000,474.0000,-2601.0000
1,29.6805,0.00,-142.5000,478.5000,-2602.5000
1,29.7005,0.00,-144.0000,475.5000,-2602.5000
1,29.7205,0.00,-139.5000,478.5000,-2601.0000
1,29.7405,0.00,-144.0000,478.5000,-2602.5000
1,29.7605,-2.00,-144.0000,474.0000,-2601.0000
1,29.7805,0.00,-144.0000,472.5000,-2599.5000
1,29.8005,0.00,-142.5000,477.0000,-2601.0000
1,29.8205,0.00,-144.0000,480.0000,-2601.0000
1,29.8405,0.00,-145.5000,474.0000,-2601.0000
1,29.8605,0.00,-145.5000,474.0000,-2601.0000
1,29.8805,0.00,-144.0000,474.0000,-2601.0000
1,29.9005,0.00,-145.5000,474.0000,-2601.0000
1,29.9205,0.00,-142.5000,477.0000,-2599.5000
1,29.9405,0.00,-139.5000,477.0000,-2599.5000
1,29.9605,0.00,-144.0000,478.5000,-2599.5000
1,29.9805,0.00,-144.0000,475.5000,-2599.5000
1,30.0005,0.00,-147.0000,475.5000,-2601.0000
1,30.0205,0.00,-144.0000,475.5000,-2598.0000
1,30.0405,-1.00,-144.0000,474.0000,-2599.5000
1,30.0605,0.00,-147.0000,475.5000,-2599.5000
1,30.0805,-1.00,-142.5000,475.5000,-2598.0000
1,30.1005,0.00,-139.5000,472.5000,-2599.5000
1,30.1205,0.00,-144.0000,472.5000,-2599.5000
1,30.1405,0.00,-144.0000,477.0000,-2598.0000
1,30.1605,0.00,-141.0000,475.5000,-2598.0000
1,30.1805,0.00,-142.5000,477.0000,-2599.5000
1,30.2005,0.00,-142.5000,478.5000,-2598.0000
1,30.2205,0.00,-145.5000,478.5000,-2598.0000
1,30.2405,0.00,-145.5000,477.0000,-2598.0000
1,30.2605,0.00,-144.0000,475.5000,-2598.0000
1,30.2805,0.00,-141.0000,475.5000,-2599.5000
1,30.3005,0.00,-144.0000,475.5000,-2599.5000
1,30.3205,0.00,-142.5000,474.0000,-2598.0000
1,30.3405,0.00,-148.5000,472.5000,-2598.0000
1,30.3605,0.00,-147.0000,475.5000,-2599.5000
1,30.3805,0.00,-144.0000,474.0000,-2598.0000
1,30.4005,0.00,-147.0000,474.0000,-2599.5000
1,30.4205,0.00,-145.5000,477.0000,-2598.0000
1,30.4405,0.00,-142.5000,477.0000,-2598.0000
1,30.4605,0.00,-147.0000,472.5000,-2599.5000
1,30.4805,1.00,-147.0000,475.5000,-2596.5000
1,30.5005,0.00,-142.5000,474.0000,-2598.0000
1,30.5205,0.00,-138.0000,474.0000,-2598.0000
1,30.5405,0.00,-138.0000,475.5000,-2598.0000
1,30.5605,0.00,-144.0000,475.5000,-2598.0000
1,30.5805,0.00,-142.5000,471.0000,-2598.0000
1,30.6005,0.00,-144.0000,481.5000,-2596.5000
1,30.6205,0.00,-144.0000,475.5000,-2598.0000
1,30.6405,0.00,-144.0000,472.5000,-2596.5000
1,30.6605,0.00,-147.0000,477.0000,-2596.5000
1,30.6805,0.00,-139.5000,472.5000,-2596.5000
1,30.7005,0.00,-148.5000,478.5000,-2595.0000
1,30.7205,0.00,-142.5000,478.5000,-2595.0000
1,30.7405,0.00,-148.5000,477.0000,-2595.0000
1,30.7605,-1.00,-141.0000,475.5000,-2595.0000
1,30.7805,0.00,-144.0000,478.5000,-2595.0000
1,30.8005,0.00,-147.0000,475.5000,-2595.0000
1,30.8205,0.00,-144.0000,475.5000,-2595.0000
1,30.8405,0.00,-141.0000,478.5000,-2595.0000
1,30.8605,0.00,-147.0000,480.0000,-2595.0000
1,30.8805,0.00,-144.0000,475.5000,-2595.0000
1,30.9005,0.00,-148.5000,477.0000,-2596.5000
1,30.9205,0.00,-147.0000,481.5000,-2596.5000
1,30.9405,0.00,-138.0000,477.0000,-2593.5000
1,30.9605,0.00,-148.5000,474.0000,-2595.0000
1,30.9805,0.00,-145.5000,478.5000,-2595.0000
1,31.0005,0.00,-145.5000,474.0000,-2593.5000
1,31.0205,0.00,-147.0000,478.5000,-2596.5000
1,31.0405,0.00,-144.0000,474.0000,-2595.0000
1,31.0605,-1.00,-147.0000,475.5000,-2593.5000
1,31.0805,0.00,-147.0000,474.0000,-2595.0000
1,31.1005,0.00,-148.5000,478.5000,-2593.5000
1,31.1205,1.00,-142.5000,474.0000,-2595.0000
1,31.1405,0.00,-139.5000,477.0000,-2593.5000
1,31.1605,0.00,-144.0000,478.5000,-2595.0000
1,31.1805,0.00,-147.0000,471.0000,-2593.5000
1,31.2005,0.00,-144.0000,475.5000,-2593.5000
1,31.2205,0.00,-148.5000,469.5000,-2592.0000
1,31.2405,0.00,-144.0000,477.0000,-2593.5000
1,31.2605,0.00,-147.0000,474.0000,-2593.5000
1,31.2805,0.00,-141.0000,474.0000,-2592.0000
1,31.3005,0.00,-139.5000,475.5000,-2592.0000
1,31.3205,0.00,-145.5000,474.0000,-2592.0000
1,31.3405,0.00,-141.0000,477.0000,-2593.5000
1,31.3605,0.00,-145.5000,477.0000,-2592.0000
1,31.3805,0.00,-142.5000,472.5000,-2593.5000
1,31.4005,0.00,-144.0000,474.0000,-2592.0000
1,31.4205,0.00,-145.5000,477.0000,-2592.0000
1,31.4405,0.00,-139.5000,475.5000,-2592.0000
1,31.4605,0.00,-142.5000,480.0000,-2593.5000
1,31.4805,0.00,-150.0000,475.5000,-2593.5000
1,31.5005,0.00,-139.5000,474.0000,-2593.5000
1,31.5205,0.00,-142.5000,477.0000,-2592.0000
1,31.5405,0.00,-147.0000,474.0000,-2593.5000
1,31.5605,0.00,-147.0000,475.5000,-2592.0000
1,31.5805,1.00,-150.0000,469.5000,-2592.0000
1,31.6005,0.00,-144.0000,475.5000,-2593.5000
1,31.6205,1.00,-147.0000,477.0000,-2592.0000
1,31.6405,0.00,-144.0000,474.0000,-2592.0000
1,31.6605,0.00,-150.0000,480.0000,-2593.5000
1,31.6805,0.00,-147.0000,478.5000,-2592.0000
1,31.7005,0.00,-148.5000,474.0000,-2590.5000
1,31.7205,0.00,-150.0000,481.5000,-2592.0000
1,31.7405,0.00,-147.0000,477.0000,-2592.0000
1,31.7605,0.00,-150.0000,474.0000,-2592.0000
1,31.7805,0.00,-142.5000,474.0000,-2590.5000
1,31.8005,0.00,-145.5000,472.5000,-2590.5000
1,31.8205,0.00,-148.5000,474.0000,-2590.5000
1,31.8405,0.00,-144.0000,475.5000,-2592.0000
1,31.8605,0.00,-144.0000,469.5000,-2590.5000
1,31.8805,0.00,-147.0000,475.5000,-2592.0000
1,31.9005,0.00,-148.5000,475.5000,-2590.5000
1,31.9205,0.00,-145.5000,478.5000,-2589.0000
1,31.9405,0.00,-147.0000,474.0000,-2589.0000
1,31.9605,0.00,-150.0000,475.5000,-2590.5000
1,31.9805,1.00,-150.0000,474.0000,-2589.0000
1,32.0005,0.00,-148.5000,474.0000,-2589.0000
1,32.0205,0.00,-145.5000,475.5000,-2592.0000
1,32.0405,0.00,-147.0000,478.5000,-2589.0000
1,32.0605,0.00,-148.5000,475.5000,-2590.5000
1,32.0805,0.00,-150.0000,478.5000,-2590.5000
1,32.1005,0.00,-147.0000,474.0000,-2589.0000
1,32.1205,0.00,-147.0000,474.0000,-2590.5000
1,32.1405,0.00,-145.5000,478.5000,-2589.0000
1,32.1605,0.00,-145.5000,477.0000,-2589.0000
1,32.1805,0.00,-144.0000,475.5000,-2589.0000
1,32.2005,-1.00,-148.5000,475.5000,-2590.5000
1,32.2205,0.00,-151.5000,478.5000,-2589.0000
1,32.2405,0.00,-142.5000,474.0000,-2587.5000
1,32.2605,0.00,-147.0000,472.5000,-2587.5000
1,32.2805,0.00,-148.5000,474.0000,-2590.5000
1,32.3005,0.00,-144.0000,475.5000,-2589.0000
1,32.3205,0.00,-147.0000,477.0000,-2589.0000
1,32.3405,0.00,-145.5000,477.0000,-2589.0000
1,32.3605,0.00,-145.5000,475.5000,-2587.5000
1,32.3805,0.00,-145.5000,474.0000,-2587.5000
1,32.4006,-1.00,-147.0000,480.0000,-2590.5000
1,32.4206,0.00,-145.5000,477.0000,-2589.0000
1,32.4406,0.00,-145.5000,480.0000,-2587.5000
1,32.4606,0.00,-148.5000,475.5000,-2589.0000
1,32.4806,1.00,-144.0000,475.5000,-2587.5000
1,32.5006,0.00,-144.0000,477.0000,-2589.0000
1,32.5206,0.00,-148.5000,469.5000,-2587.5000
1,32.5406,0.00,-148.5000,471.0000,-2589.0000
1,32.5606,0.00,-141.0000,474.0000,-2587.5000
1,32.5806,0.00,-148.5000,478.5000,-2590.5000
1,32.6006,0.00,-153.0000,480.0000,-2587.5000
1,32.6206,1.00,-144.0000,477.0000,-2589.0000
1,32.6406,0.00,-142.5000,472.5000,-2587.5000
1,32.6606,0.00,-145.5000,474.0000,-2587.5000
1,32.6806,0.00,-150.0000,475.5000,-2587.5000
1,32.7006,0.00,-144.0000,475.5000,-2589.0000
1,32.7206,0.00,-147.0000,474.0000,-2586.0000
1,32.7406,0.00,-144.0000,478.5000,-2586.0000
1,32.7606,-1.00,-147.0000,474.0000,-2589.0000
1,32.7806,0.00,-147.0000,475.5000,-2587.5000
1,32.8006,0.00,-147.0000,477.0000,-2589.0000
1,32.8206,0.00,-148.5000,475.5000,-2586.0000
1,32.8406,0.00,-147.0000,478.5000,-2587.5000
1,32.8606,0.00,-147.0000,475.5000,-2584.5000
1,32.8806,0.00,-150.0000,474.0000,-2587.5000
1,32.9006,0.00,-147.0000,480.0000,-2587.5000
1,32.9206,0.00,-150.0000,472.5000,-2587.5000
1,32.9406,0.00,-147.0000,472.5000,-2584.5000
1,32.9606,0.00,-151.5000,478.5000,-2587.5000
1,32.9806,0.00,-145.5000,475.5000,-2586.0000
1,33.0006,0.00,-147.0000,475.5000,-2586.0000
1,33.0206,0.00,-144.0000,474.0000,-2587.5000
1,33.0406,0.00,-148.5000,478.5000,-2584.5000
1,33.0606,0.00,-147.0000,472.5000,-2586.0000
1,33.0806,-1.00,-148.5000,474.0000,-2586.0000
1,33.1006,0.00,-148.5000,475.5000,-2586.0000
1,33.1206,-1.00,-145.5000,475.5000,-2586.0000
1,33.1406,0.00,-145.5000,474.0000,-2586.0000
1,33.1606,0.00,-148.5000,474.0000,-2586.0000
1,33.1806,0.00,-144.0000,475.5000,-2586.0000
1,33.2006,0.00,-145.5000,472.5000,-2587.5000
1,33.2206,0.00,-142.5000,475.5000,-2586.0000
1,33.2406,0.00,-150.0000,477.0000,-2584.5000
1,33.2606,0.00,-148.5000,477.0000,-2586.0000
1,33.2806,0.00,-144.0000,475.5000,-2589.0000
1,33.3006,0.00,-148.5000,474.0000,-2586.0000
1,33.3206,0.00,-147.0000,478.5000,-2586.0000
1,33.3406,0.00,-150.0000,477.0000,-2583.0000
1,33.3606,-1.00,-145.5000,477.0000,-2584.5000
1,33.3806,0.00,-147.0000,480.0000,-2586.0000
1,33.4006,0.00,-145.5000,478.5000,-2584.5000
1,33.4206,0.00,-145.5000,471.0000,-2586.0000
1,33.4406,0.00,-148.5000,478.5000,-2584.5000
1,33.4606,0.00,-145.5000,477.0000,-2586.0000
1,33.4806,1.00,-142.5000,474.0000,-2584.5000
1,33.5006,0.00,-150.0000,477.0000,-2586.0000
1,33.5206,0.00,-147.0000,475.5000,-2584.5000
1,33.5406,0.00,-147.0000,477.0000,-2586.0000
1,33.5606,0.00,-145.5000,478.5000,-2583.0000
1,33.5806,0.00,-148.5000,477.0000,-2586.0000
1,33.6006,0.00,-150.0000,474.0000,-2586.0000
1,33.6206,0.00,-142.5000,475.5000,-2583.0000
1,33.6406,0.00,-148.5000,477.0000,-2584.5000
1,33.6606,0.00,-150.0000,475.5000,-2586.0000
1,33.6806,0.00,-147.0000,478.5000,-2586.0000
1,33.7006,0.00,-150.0000,474.0000,-2584.5000
1,33.7206,0.00,-151.5000,477.0000,-2583.0000
1,33.7406,0.00,-151.5000,474.0000,-2586.0000
1,33.7606,0.00,-148.5000,475.5000,-2586.0000
1,33.7806,0.00,-148.5000,480.0000,-2584.5000
1,33.8006,0.00,-150.0000,478.5000,-2584.5000
1,33.8206,0.00,-151.5000,474.0000,-2583.0000
1,33.8406,-1.00,-147.0000,475.5000,-2584.5000
1,33.8606,0.00,-142.5000,474.0000,-2584.5000
1,33.8806,0.00,-147.0000,480.0000,-2586.0000
1,33.9006,0.00,-147.0000,471.0000,-2583.0000
1,33.9206,0.00,-145.5000,474.0000,-2583.0000
1,33.9406,0.00,-153.0000,468.0000,-2583.0000
1,33.9606,0.00,-145.5000,477.0000,-2584.5000
1,33.9806,0.00,-150.0000,474.0000,-2584.5000
1,34.0006,0.00,-153.0000,472.5000,-2584.5000
1,34.0206,0.00,-145.5000,477.0000,-2584.5000
1,34.0406,0.00,-145.5000,474.0000,-2583.0000
1,34.0606,0.00,-145.5000,477.0000,-2586.0000
1,34.0806,0.00,-148.5000,478.5000,-2584.5000
1,34.1006,0.00,-147.0000,474.0000,-2583.0000
1,34.1206,0.00,-147.0000,475.5000,-2583.0000
1,34.1406,-1.00,-148.5000,472.5000,-2584.5000
1,34.1606,0.00,-141.0000,475.5000,-2583.0000
1,34.1806,0.00,-147.0000,475.5000,-2583.0000
1,34.2006,-1.00,-145.5000,474.0000,-2584.5000
1,34.2206,0.00,-147.0000,478.5000,-2584.5000
1,34.2406,0.00,-147.0000,481.5000,-2583.0000
1,34.2606,0.00,-147.0000,474.0000,-2583.0000
1,34.2806,0.00,-148.5000,480.0000,-2581.5000
1,34.3006,0.00,-145.5000,481.5000,-2583.0000
1,34.3206,0.00,-145.5000,475.5000,-2583.0000
1,34.3406,1.00,-148.5000,475.5000,-2583.0000
1,34.3606,0.00,-150.0000,474.0000,-2583.0000
1,34.3806,0.00,-148.5000,474.0000,-2581.5000
1,34.4006,0.00,-151.5000,475.5000,-2584.5000
1,34.4206,0.00,-147.0000,474.0000,-2581.5000
1,34.4406,0.00,-141.0000,474.0000,-2584.5000
1,34.4606,-1.00,-147.0000,477.0000,-2581.5000
1,34.4806,1.00,-151.5000,474.0000,-2581.5000
1,34.5006,0.00,-148.5000,472.5000,-2583.0000
1,34.5206,0.00,-150.0000,474.0000,-2581.5000
1,34.5406,0.00,-148.5000,474.0000,-2584.5000
1,34.5606,0.00,-147.0000,472.5000,-2583.0000
1,34.5806,0.00,-148.5000,478.5000,-2583.0000
1,34.6006,0.00,-147.0000,472.5000,-2581.5000
1,34.6206,0.00,-148.5000,475.5000,-2583.0000
1,34.6406,0.00,-144.0000,475.5000,-2581.5000
1,34.6606,0.00,-145.5000,471.0000,-2581.5000
1,34.6806,0.00,-147.0000,474.0000,-2581.5000
1,34.7006,0.00,-150.0000,475.5000,-2583.0000
1,34.7206,0.00,-147.0000,474.0000,-2581.5000
1,34.7406,0.00,-148.5000,474.0000,-2581.5000
1,34.7606,0.00,-145.5000,478.5000,-2583.0000
1,34.7806,0.00,-151.5000,477.0000,-2580.0000
1,34.8006,0.00,-145.5000,477.0000,-2583.0000
1,34.8206,0.00,-145.5000,475.5000,-2581.5000
1,34.8406,-2.00,-150.0000,477.0000,-2581.5000
1,34.8606,0.00,-153.0000,474.0000,-2581.5000
1,34.8806,0.00,-151.5000,472.5000,-2583.0000
1,34.9006,0.00,-144.0000,472.5000,-2581.5000
1,34.9206,0.00,-147.0000,472.5000,-2581.5000
1,34.9406,0.00,-144.0000,477.0000,-2581.5000
1,34.9606,0.00,-148.5000,475.5000,-2580.0000
1,34.9806,0.00,-150.0000,477.0000,-2580.0000
1,35.0006,0.00,-151.5000,475.5000,-2580.0000
1,35.0206,0.00,-147.0000,475.5000,-2581.5000
1,35.0406,-1.00,-150.0000,477.0000,-2580.0000
1,35.0606,0.00,-150.0000,471.0000,-2580.0000
1,35.0806,0.00,-150.0000,477.0000,-2580.0000
1,35.1006,0.00,-148.5000,472.5000,-2581.5000
1,35.1206,0.00,-144.0000,474.0000,-2580.0000
1,35.1406,0.00,-148.5000,472.5000,-2580.0000
1,35.1606,0.00,-147.0000,471.0000,-2580.0000
1,35.1806,0.00,-148.5000,477.0000,-2580.0000
1,35.2006,1.00,-145.5000,474.0000,-2580.0000
1,35.2206,0.00,-150.0000,478.5000,-2581.5000
1,35.2406,0.00,-148.5000,472.5000,-2578.5000
1,35.2606,0.00,-145.5000,472.5000,-2580.0000
1,35.2806,0.00,-150.0000,472.5000,-2578.5000
1,35.3006,0.00,-150.0000,474.0000,-2580.0000
1,35.3206,0.00,-150.0000,475.5000,-2581.5000
1,35.3406,-1.00,-145.5000,477.0000,-2580.0000
1,35.3606,0.00,-151.5000,477.0000,-2580.0000
